name,type,g3d_mark,page_url
"GeForce RTX 5090 D",Desktop,41594,https://pcgamebenchmarks.com/gpu/geforce-rtx-5090-d
"RTX PRO 5000 72GB Blackwell",Desktop,40493,https://pcgamebenchmarks.com/gpu/rtx-pro-5000-72gb-blackwell
"GeForce RTX 5090",Desktop,38943,https://pcgamebenchmarks.com/gpu/geforce-rtx-5090
"GeForce RTX 4090",Desktop,38081,https://pcgamebenchmarks.com/gpu/geforce-rtx-4090
"GeForce RTX 5080",Desktop,35712,https://pcgamebenchmarks.com/gpu/geforce-rtx-5080
"RTX PRO 6000 Blackwell Workstation Edition",Desktop,35449,https://pcgamebenchmarks.com/gpu/rtx-pro-6000-blackwell-workstation-edition
"GeForce RTX 4080",Desktop,34446,https://pcgamebenchmarks.com/gpu/geforce-rtx-4080
"GeForce RTX 4080 SUPER",Desktop,34260,https://pcgamebenchmarks.com/gpu/geforce-rtx-4080-super
"RTX PRO 4500 Blackwell",Desktop,33194,https://pcgamebenchmarks.com/gpu/rtx-pro-4500-blackwell
"GeForce RTX 5070 Ti",Desktop,32457,https://pcgamebenchmarks.com/gpu/geforce-rtx-5070-ti
"RTX PRO 6000 Blackwell Max-Q Workstation Edition",Desktop,31910,https://pcgamebenchmarks.com/gpu/rtx-pro-6000-blackwell-max-q-workstation-edition
"GeForce RTX 4070 Ti SUPER",Desktop,31786,https://pcgamebenchmarks.com/gpu/geforce-rtx-4070-ti-super
"RTX PRO 5000 Blackwell",Desktop,31710,https://pcgamebenchmarks.com/gpu/rtx-pro-5000-blackwell
"GeForce RTX 4070 Ti",Desktop,31557,https://pcgamebenchmarks.com/gpu/geforce-rtx-4070-ti
"Radeon RX 7900 XTX",Desktop,31372,https://pcgamebenchmarks.com/gpu/radeon-rx-7900-xtx
"GeForce RTX 5090 D v2",Desktop,31108,https://pcgamebenchmarks.com/gpu/geforce-rtx-5090-d-v2
"GeForce RTX 4090 D",Unknown,30628,https://pcgamebenchmarks.com/gpu/geforce-rtx-4090-d
"GeForce RTX 4070 SUPER",Desktop,29969,https://pcgamebenchmarks.com/gpu/geforce-rtx-4070-super
"GeForce RTX 3090 Ti",Desktop,29312,https://pcgamebenchmarks.com/gpu/geforce-rtx-3090-ti
"Radeon RX 7900 XT",Desktop,28994,https://pcgamebenchmarks.com/gpu/radeon-rx-7900-xt
"GeForce RTX 5070",Desktop,28771,https://pcgamebenchmarks.com/gpu/geforce-rtx-5070
"GeForce RTX 5090 Laptop GPU",Mobile,28475,https://pcgamebenchmarks.com/gpu/geforce-rtx-5090-laptop-gpu
"Radeon RX 6950 XT",Desktop,28091,https://pcgamebenchmarks.com/gpu/radeon-rx-6950-xt
"Radeon AI PRO R9700",Desktop,27698,https://pcgamebenchmarks.com/gpu/radeon-ai-pro-r9700
"Radeon RX 7900 GRE",Desktop,27344,https://pcgamebenchmarks.com/gpu/radeon-rx-7900-gre
"RTX PRO 4000 Blackwell",Desktop,27314,https://pcgamebenchmarks.com/gpu/rtx-pro-4000-blackwell
"GeForce RTX 4090 Laptop GPU",Mobile,27120,https://pcgamebenchmarks.com/gpu/geforce-rtx-4090-laptop-gpu
"GeForce RTX 4070",Desktop,26918,https://pcgamebenchmarks.com/gpu/geforce-rtx-4070
"Radeon RX 9070 XT",Desktop,26897,https://pcgamebenchmarks.com/gpu/radeon-rx-9070-xt
"GeForce RTX 3080 Ti",Desktop,26785,https://pcgamebenchmarks.com/gpu/geforce-rtx-3080-ti
"Radeon RX 6900 XT",Desktop,26698,https://pcgamebenchmarks.com/gpu/radeon-rx-6900-xt
"GeForce RTX 3080 12GB",Desktop,26570,https://pcgamebenchmarks.com/gpu/geforce-rtx-3080-12gb
"GeForce RTX 3090",Desktop,26558,https://pcgamebenchmarks.com/gpu/geforce-rtx-3090
"GeForce RTX 5080 Laptop GPU",Mobile,26499,https://pcgamebenchmarks.com/gpu/geforce-rtx-5080-laptop-gpu
"Radeon RX 9070",Desktop,25429,https://pcgamebenchmarks.com/gpu/radeon-rx-9070
"RTX 5880 Ada Generation",Desktop,25096,https://pcgamebenchmarks.com/gpu/rtx-5880-ada-generation
"GeForce RTX 3080",Desktop,25038,https://pcgamebenchmarks.com/gpu/geforce-rtx-3080
"Radeon RX 6800 XT",Desktop,25035,https://pcgamebenchmarks.com/gpu/radeon-rx-6800-xt
"GeForce RTX 4080 Laptop GPU",Mobile,24719,https://pcgamebenchmarks.com/gpu/geforce-rtx-4080-laptop-gpu
"Radeon RX 9070 GRE",Desktop,24418,https://pcgamebenchmarks.com/gpu/radeon-rx-9070-gre
"RTX PRO 5000 Blackwell Generation Laptop GPU",Desktop,24359,https://pcgamebenchmarks.com/gpu/rtx-pro-5000-blackwell-generation-laptop-gpu
"Radeon RX 7800 XT",Desktop,24322,https://pcgamebenchmarks.com/gpu/radeon-rx-7800-xt
"RTX PRO 4000 Blackwell Generation Laptop GPU",Desktop,23611,https://pcgamebenchmarks.com/gpu/rtx-pro-4000-blackwell-generation-laptop-gpu
"RTX 3500 Ada Generation Embedded GPU",Desktop,23495,https://pcgamebenchmarks.com/gpu/rtx-3500-ada-generation-embedded-gpu
"RTX PRO 4000 Blackwell SFF Edition",Desktop,23366,https://pcgamebenchmarks.com/gpu/rtx-pro-4000-blackwell-sff-edition
"RTX 5000 Ada Generation Laptop GPU",Mobile,23320,https://pcgamebenchmarks.com/gpu/rtx-5000-ada-generation-laptop-gpu
"GeForce RTX 3070 Ti",Desktop,23262,https://pcgamebenchmarks.com/gpu/geforce-rtx-3070-ti
"GeForce RTX 5070 Ti Laptop GPU",Mobile,22694,https://pcgamebenchmarks.com/gpu/geforce-rtx-5070-ti-laptop-gpu
"GeForce RTX 5060 Ti 16GB",Desktop,22676,https://pcgamebenchmarks.com/gpu/geforce-rtx-5060-ti-16gb
"GeForce RTX 4060 Ti 16GB",Desktop,22670,https://pcgamebenchmarks.com/gpu/geforce-rtx-4060-ti-16gb
"Radeon RX 7700 XT",Desktop,22635,https://pcgamebenchmarks.com/gpu/radeon-rx-7700-xt
"GeForce RTX 4060 Ti",Desktop,22628,https://pcgamebenchmarks.com/gpu/geforce-rtx-4060-ti
"GeForce RTX 5060 Ti 8GB",Desktop,22491,https://pcgamebenchmarks.com/gpu/geforce-rtx-5060-ti-8gb
"RTX PRO 3000 Blackwell Generation Laptop GPU",Mobile,22238,https://pcgamebenchmarks.com/gpu/rtx-pro-3000-blackwell-generation-laptop-gpu
"GeForce RTX 3070",Desktop,22135,https://pcgamebenchmarks.com/gpu/geforce-rtx-3070
"Radeon RX 7900M",Mobile,22111,https://pcgamebenchmarks.com/gpu/radeon-rx-7900m
"Radeon RX 6800",Desktop,22036,https://pcgamebenchmarks.com/gpu/radeon-rx-6800
"RTX 4000 Ada Generation Laptop GPU",Mobile,21978,https://pcgamebenchmarks.com/gpu/rtx-4000-ada-generation-laptop-gpu
"GeForce RTX 2080 Ti",Desktop,21478,https://pcgamebenchmarks.com/gpu/geforce-rtx-2080-ti
"RTX PRO 6000 Blackwell Server Edition",Desktop,21388,https://pcgamebenchmarks.com/gpu/rtx-pro-6000-blackwell-server-edition
"Radeon RX 7700",Desktop,21241,https://pcgamebenchmarks.com/gpu/radeon-rx-7700
"GeForce RTX 5060",Desktop,20836,https://pcgamebenchmarks.com/gpu/geforce-rtx-5060
"Radeon RX 6750 XT",Desktop,20717,https://pcgamebenchmarks.com/gpu/radeon-rx-6750-xt
"RTX PRO 2000 Blackwell",Desktop,20657,https://pcgamebenchmarks.com/gpu/rtx-pro-2000-blackwell
"GeForce RTX 3060 Ti",Desktop,20283,https://pcgamebenchmarks.com/gpu/geforce-rtx-3060-ti
"Radeon RX 6750 GRE 12GB",Unknown,20178,https://pcgamebenchmarks.com/gpu/radeon-rx-6750-gre-12gb
"Radeon RX 9060 XT 16GB",Desktop,20084,https://pcgamebenchmarks.com/gpu/radeon-rx-9060-xt-16gb
"TITAN V",Desktop,20072,https://pcgamebenchmarks.com/gpu/titan-v
"TITAN RTX",Workstation,19947,https://pcgamebenchmarks.com/gpu/titan-rtx
"Radeon RX 9060 XT 8GB",Desktop,19823,https://pcgamebenchmarks.com/gpu/radeon-rx-9060-xt-8gb
"Radeon RX 6700 XT",Desktop,19739,https://pcgamebenchmarks.com/gpu/radeon-rx-6700-xt
"RTX 3500 Ada Generation Laptop GPU",Mobile,19722,https://pcgamebenchmarks.com/gpu/rtx-3500-ada-generation-laptop-gpu
"GeForce RTX 4070 Laptop GPU",Mobile,19538,https://pcgamebenchmarks.com/gpu/geforce-rtx-4070-laptop-gpu
"GeForce RTX 4060",Desktop,19530,https://pcgamebenchmarks.com/gpu/geforce-rtx-4060
"SMI USB Display",Desktop,19462,https://pcgamebenchmarks.com/gpu/smi-usb-display
"GeForce RTX 2080 SUPER",Desktop,19459,https://pcgamebenchmarks.com/gpu/geforce-rtx-2080-super
"GeForce RTX 5070 Laptop GPU",Mobile,19271,https://pcgamebenchmarks.com/gpu/geforce-rtx-5070-laptop-gpu
"Radeon RX 6750 GRE 10GB",Unknown,18986,https://pcgamebenchmarks.com/gpu/radeon-rx-6750-gre-10gb
"LIANLI USB Display-60hz",Desktop,18968,https://pcgamebenchmarks.com/gpu/lianli-usb-display-60hz
"GeForce RTX 3080 Ti Laptop GPU",Mobile,18952,https://pcgamebenchmarks.com/gpu/geforce-rtx-3080-ti-laptop-gpu
"Radeon RX 6700",Desktop,18908,https://pcgamebenchmarks.com/gpu/radeon-rx-6700
"NVIDIA TITAN Xp",Desktop,18762,https://pcgamebenchmarks.com/gpu/nvidia-titan-xp
"GeForce RTX 2080",Desktop,18617,https://pcgamebenchmarks.com/gpu/geforce-rtx-2080
"GeForce GTX 1080 Ti",Desktop,18588,https://pcgamebenchmarks.com/gpu/geforce-gtx-1080-ti
"TITAN Xp COLLECTORS EDITION",Desktop,18570,https://pcgamebenchmarks.com/gpu/titan-xp-collectors-edition
"Radeon RX 9060",Desktop,18332,https://pcgamebenchmarks.com/gpu/radeon-rx-9060
"Radeon RX 7650 GRE",Desktop,18281,https://pcgamebenchmarks.com/gpu/radeon-rx-7650-gre
"GeForce RTX 2070 SUPER",Desktop,18146,https://pcgamebenchmarks.com/gpu/geforce-rtx-2070-super
"Radeon 8060S",Desktop,18139,https://pcgamebenchmarks.com/gpu/radeon-8060s
"GeForce RTX 3070 Ti Laptop GPU",Mobile,17499,https://pcgamebenchmarks.com/gpu/geforce-rtx-3070-ti-laptop-gpu
"Radeon Pro W6900X",Desktop,17413,https://pcgamebenchmarks.com/gpu/radeon-pro-w6900x
"GeForce RTX 4060 Laptop GPU",Mobile,17402,https://pcgamebenchmarks.com/gpu/geforce-rtx-4060-laptop-gpu
"GeForce RTX 5050",Desktop,17370,https://pcgamebenchmarks.com/gpu/geforce-rtx-5050
"Radeon RX 7600 XT",Desktop,17307,https://pcgamebenchmarks.com/gpu/radeon-rx-7600-xt
"Radeon RX 6850M XT",Mobile,17183,https://pcgamebenchmarks.com/gpu/radeon-rx-6850m-xt
"Radeon RX 6650 XT",Desktop,17116,https://pcgamebenchmarks.com/gpu/radeon-rx-6650-xt
"RTX A5500 Laptop GPU",Mobile,17111,https://pcgamebenchmarks.com/gpu/rtx-a5500-laptop-gpu
"Radeon RX 6650M XT",Mobile,17071,https://pcgamebenchmarks.com/gpu/radeon-rx-6650m-xt
"RTX 5000 Ada Generation Embedded GPU",Desktop,17056,https://pcgamebenchmarks.com/gpu/rtx-5000-ada-generation-embedded-gpu
"GeForce RTX 3060",Desktop,17008,https://pcgamebenchmarks.com/gpu/geforce-rtx-3060
"TITAN V CEO Edition",Desktop,16988,https://pcgamebenchmarks.com/gpu/titan-v-ceo-edition
"GeForce RTX 5060 Laptop GPU",Mobile,16948,https://pcgamebenchmarks.com/gpu/geforce-rtx-5060-laptop-gpu
"RTX A4500 Laptop GPU",Mobile,16792,https://pcgamebenchmarks.com/gpu/rtx-a4500-laptop-gpu
"GeForce RTX 3060 12GB",Desktop,16749,https://pcgamebenchmarks.com/gpu/geforce-rtx-3060-12gb
"Radeon RX 7800M",Mobile,16748,https://pcgamebenchmarks.com/gpu/radeon-rx-7800m
"RTX PRO 2000 Blackwell Generation Laptop GPU",Mobile,16725,https://pcgamebenchmarks.com/gpu/rtx-pro-2000-blackwell-generation-laptop-gpu
"Radeon Pro W6800X",Desktop,16619,https://pcgamebenchmarks.com/gpu/radeon-pro-w6800x
"Radeon RX 5700 XT 50th Anniversary",Desktop,16579,https://pcgamebenchmarks.com/gpu/radeon-rx-5700-xt-50th-anniversary
"Radeon RX 7600",Desktop,16548,https://pcgamebenchmarks.com/gpu/radeon-rx-7600
"GeForce RTX 2060 SUPER",Desktop,16480,https://pcgamebenchmarks.com/gpu/geforce-rtx-2060-super
"Radeon RX 6600 XT",Desktop,16448,https://pcgamebenchmarks.com/gpu/radeon-rx-6600-xt
"Radeon VII",Desktop,16239,https://pcgamebenchmarks.com/gpu/radeon-vii
"Radeon 8050S",Desktop,16222,https://pcgamebenchmarks.com/gpu/radeon-8050s
"GeForce RTX 3080 Laptop GPU",Mobile,16142,https://pcgamebenchmarks.com/gpu/geforce-rtx-3080-laptop-gpu
"Radeon RX 5700 XT",Desktop,16114,https://pcgamebenchmarks.com/gpu/radeon-rx-5700-xt
"GeForce RTX 2070",Desktop,16061,https://pcgamebenchmarks.com/gpu/geforce-rtx-2070
"RTX 3000 Ada Generation Laptop GPU",Mobile,15980,https://pcgamebenchmarks.com/gpu/rtx-3000-ada-generation-laptop-gpu
"GeForce RTX 2060 12GB",Desktop,15928,https://pcgamebenchmarks.com/gpu/geforce-rtx-2060-12gb
"RTX 2000E Ada Generation",Desktop,15873,https://pcgamebenchmarks.com/gpu/rtx-2000e-ada-generation
"Intel Arc B580",Desktop,15865,https://pcgamebenchmarks.com/gpu/intel-arc-b580
"Radeon RX 6800S",Mobile,15765,https://pcgamebenchmarks.com/gpu/radeon-rx-6800s
"GeForce GTX 1080",Desktop,15610,https://pcgamebenchmarks.com/gpu/geforce-gtx-1080
"Radeon RX 7600S",Mobile,15573,https://pcgamebenchmarks.com/gpu/radeon-rx-7600s
"Radeon RX 7700S",Unknown,15507,https://pcgamebenchmarks.com/gpu/radeon-rx-7700s
"GeForce RTX 3060 8GB",Desktop,15257,https://pcgamebenchmarks.com/gpu/geforce-rtx-3060-8gb
"Radeon RX 6650M",Mobile,15179,https://pcgamebenchmarks.com/gpu/radeon-rx-6650m
"GeForce RTX 3070 Laptop GPU",Mobile,15121,https://pcgamebenchmarks.com/gpu/geforce-rtx-3070-laptop-gpu
"Radeon RX 6700S",Mobile,15079,https://pcgamebenchmarks.com/gpu/radeon-rx-6700s
"Radeon RX 6600",Desktop,15072,https://pcgamebenchmarks.com/gpu/radeon-rx-6600
"GeForce RTX 2080 (Mobile)",Mobile,15014,https://pcgamebenchmarks.com/gpu/geforce-rtx-2080-mobile
"RTX PRO 1000 Blackwell Generation Laptop GPU",Mobile,14941,https://pcgamebenchmarks.com/gpu/rtx-pro-1000-blackwell-generation-laptop-gpu
"RTX 2000 Ada Generation Laptop GPU",Mobile,14875,https://pcgamebenchmarks.com/gpu/rtx-2000-ada-generation-laptop-gpu
"Radeon Pro W6800X Duo",Desktop,14742,https://pcgamebenchmarks.com/gpu/radeon-pro-w6800x-duo
"Intel Arc Pro B60",Desktop,14717,https://pcgamebenchmarks.com/gpu/intel-arc-pro-b60
"Radeon RX 7600M XT",Mobile,14692,https://pcgamebenchmarks.com/gpu/radeon-rx-7600m-xt
"GeForce GTX 1070 Ti",Desktop,14658,https://pcgamebenchmarks.com/gpu/geforce-gtx-1070-ti
"GeForce RTX 5050 Laptop GPU",Mobile,14434,https://pcgamebenchmarks.com/gpu/geforce-rtx-5050-laptop-gpu
"GeForce RTX 4050 Laptop GPU",Mobile,14329,https://pcgamebenchmarks.com/gpu/geforce-rtx-4050-laptop-gpu
"Radeon RX 5700",Desktop,14256,https://pcgamebenchmarks.com/gpu/radeon-rx-5700
"Radeon Pro W5700",Desktop,14153,https://pcgamebenchmarks.com/gpu/radeon-pro-w5700
"GeForce RTX 2060",Desktop,14103,https://pcgamebenchmarks.com/gpu/geforce-rtx-2060
"Radeon RX 6600 LE",Unknown,14096,https://pcgamebenchmarks.com/gpu/radeon-rx-6600-le
"RTX 2000 Ada Generation Embedded GPU",Desktop,14061,https://pcgamebenchmarks.com/gpu/rtx-2000-ada-generation-embedded-gpu
"RadeonT RX 6850M XT",Mobile,13992,https://pcgamebenchmarks.com/gpu/radeont-rx-6850m-xt
"Intel Arc B570",Desktop,13962,https://pcgamebenchmarks.com/gpu/intel-arc-b570
"RTX A3000 12GB Laptop GPU",Mobile,13915,https://pcgamebenchmarks.com/gpu/rtx-a3000-12gb-laptop-gpu
"Radeon RX 6600M",Mobile,13913,https://pcgamebenchmarks.com/gpu/radeon-rx-6600m
"Radeon RX Vega 64",Desktop,13904,https://pcgamebenchmarks.com/gpu/radeon-rx-vega-64
"GeForce GTX 980 Ti",Desktop,13660,https://pcgamebenchmarks.com/gpu/geforce-gtx-980-ti
"NVIDIA TITAN X",Desktop,13660,https://pcgamebenchmarks.com/gpu/nvidia-titan-x
"RTX 1000 Ada Generation Laptop GPU",Mobile,13631,https://pcgamebenchmarks.com/gpu/rtx-1000-ada-generation-laptop-gpu
"Radeon RX 6700M",Mobile,13617,https://pcgamebenchmarks.com/gpu/radeon-rx-6700m
A10G,Desktop,13598,https://pcgamebenchmarks.com/gpu/a10g
"GeForce RTX 2080 Super with Max-Q Design",Mobile,13522,https://pcgamebenchmarks.com/gpu/geforce-rtx-2080-super-with-max-q-design
"GeForce GTX 1070",Desktop,13507,https://pcgamebenchmarks.com/gpu/geforce-gtx-1070
"GeForce RTX 2070 Super with Max-Q Design",Mobile,13427,https://pcgamebenchmarks.com/gpu/geforce-rtx-2070-super-with-max-q-design
"Radeon RX 5600 XT",Desktop,13415,https://pcgamebenchmarks.com/gpu/radeon-rx-5600-xt
"Intel Arc A770",Desktop,13352,https://pcgamebenchmarks.com/gpu/intel-arc-a770
A100-SXM4-40GB,Desktop,13326,https://pcgamebenchmarks.com/gpu/a100-sxm4-40gb
"RTX PRO 500 Blackwell Generation Laptop GPU",Mobile,13274,https://pcgamebenchmarks.com/gpu/rtx-pro-500-blackwell-generation-laptop-gpu
"Radeon RX 6800M",Mobile,13236,https://pcgamebenchmarks.com/gpu/radeon-rx-6800m
"Radeon PRO W7900 Dual Slot",Desktop,13182,https://pcgamebenchmarks.com/gpu/radeon-pro-w7900-dual-slot
"GeForce RTX 3060 Laptop GPU",Mobile,13148,https://pcgamebenchmarks.com/gpu/geforce-rtx-3060-laptop-gpu
"Radeon RX 6600S",Mobile,13016,https://pcgamebenchmarks.com/gpu/radeon-rx-6600s
"Radeon RX Vega 56",Desktop,13003,https://pcgamebenchmarks.com/gpu/radeon-rx-vega-56
"GeForce RTX 2080 with Max-Q Design",Mobile,12730,https://pcgamebenchmarks.com/gpu/geforce-rtx-2080-with-max-q-design
"GeForce GTX 1660 SUPER",Desktop,12683,https://pcgamebenchmarks.com/gpu/geforce-gtx-1660-super
"GeForce GTX 1660 Ti",Desktop,12677,https://pcgamebenchmarks.com/gpu/geforce-gtx-1660-ti
"Radeon Vega Frontier Edition",Desktop,12674,https://pcgamebenchmarks.com/gpu/radeon-vega-frontier-edition
"Intel Arc A750",Desktop,12620,https://pcgamebenchmarks.com/gpu/intel-arc-a750
"Radeon Pro WX 8200",Desktop,12592,https://pcgamebenchmarks.com/gpu/radeon-pro-wx-8200
"GeForce GTX TITAN X",Desktop,12551,https://pcgamebenchmarks.com/gpu/geforce-gtx-titan-x
"GeForce RTX 3050 8GB",Desktop,12509,https://pcgamebenchmarks.com/gpu/geforce-rtx-3050-8gb
"Radeon Pro 5700 XT",Desktop,12457,https://pcgamebenchmarks.com/gpu/radeon-pro-5700-xt
"Radeon RX 5600 OEM",Unknown,12390,https://pcgamebenchmarks.com/gpu/radeon-rx-5600-oem
"GeForce RTX 2070 (Mobile)",Mobile,12357,https://pcgamebenchmarks.com/gpu/geforce-rtx-2070-mobile
"Radeon RX 6850M",Mobile,12274,https://pcgamebenchmarks.com/gpu/radeon-rx-6850m
"Intel Arc Pro B50",Desktop,12191,https://pcgamebenchmarks.com/gpu/intel-arc-pro-b50
"Quadro RTX 4000 with Max-Q Design",Mobile,12086,https://pcgamebenchmarks.com/gpu/quadro-rtx-4000-with-max-q-design
"Intel Arc A580",Desktop,12076,https://pcgamebenchmarks.com/gpu/intel-arc-a580
"Radeon Pro Vega 56",Desktop,12061,https://pcgamebenchmarks.com/gpu/radeon-pro-vega-56
"GeForce RTX 3050 Laptop GPU",Mobile,12003,https://pcgamebenchmarks.com/gpu/geforce-rtx-3050-laptop-gpu
"Radeon RX 7400",Desktop,11909,https://pcgamebenchmarks.com/gpu/radeon-rx-7400
"GeForce RTX 3050 OEM",Desktop,11905,https://pcgamebenchmarks.com/gpu/geforce-rtx-3050-oem
"Intel Arc A770M",Mobile,11854,https://pcgamebenchmarks.com/gpu/intel-arc-a770m
"RTX A4000H",Desktop,11815,https://pcgamebenchmarks.com/gpu/rtx-a4000h
"Radeon Pro WX 9100",Desktop,11811,https://pcgamebenchmarks.com/gpu/radeon-pro-wx-9100
"Radeon RX 5600",Desktop,11753,https://pcgamebenchmarks.com/gpu/radeon-rx-5600
"Quadro RTX 4000 (Mobile)",Mobile,11687,https://pcgamebenchmarks.com/gpu/quadro-rtx-4000-mobile
"Radeon Instinct MI60",Desktop,11638,https://pcgamebenchmarks.com/gpu/radeon-instinct-mi60
"GeForce GTX 1660",Desktop,11622,https://pcgamebenchmarks.com/gpu/geforce-gtx-1660
"GeForce GTX 1080 with Max-Q Design",Mobile,11615,https://pcgamebenchmarks.com/gpu/geforce-gtx-1080-with-max-q-design
"Radeon Pro 5700",Desktop,11457,https://pcgamebenchmarks.com/gpu/radeon-pro-5700
"GeForce RTX 2070 with Max-Q Design",Mobile,11398,https://pcgamebenchmarks.com/gpu/geforce-rtx-2070-with-max-q-design
"GeForce RTX 2060 (Mobile)",Mobile,11353,https://pcgamebenchmarks.com/gpu/geforce-rtx-2060-mobile
"Quadro P5200",Mobile,11297,https://pcgamebenchmarks.com/gpu/quadro-p5200
"RTX 500 Ada Generation Laptop GPU",Mobile,11179,https://pcgamebenchmarks.com/gpu/rtx-500-ada-generation-laptop-gpu
"Radeon PRO W6600M",Mobile,11153,https://pcgamebenchmarks.com/gpu/radeon-pro-w6600m
"GeForce RTX 3050 A Laptop GPU",Mobile,11140,https://pcgamebenchmarks.com/gpu/geforce-rtx-3050-a-laptop-gpu
"RTX A2000 Embedded GPU",Desktop,11117,https://pcgamebenchmarks.com/gpu/rtx-a2000-embedded-gpu
"GeForce GTX 980",Desktop,11073,https://pcgamebenchmarks.com/gpu/geforce-gtx-980
"Radeon RX 7600M",Mobile,10999,https://pcgamebenchmarks.com/gpu/radeon-rx-7600m
"RTX A1000",Desktop,10790,https://pcgamebenchmarks.com/gpu/rtx-a1000
"GeForce RTX 3050 6GB",Desktop,10765,https://pcgamebenchmarks.com/gpu/geforce-rtx-3050-6gb
"RTX A2000 8GB Laptop GPU",Mobile,10503,https://pcgamebenchmarks.com/gpu/rtx-a2000-8gb-laptop-gpu
"GeForce GTX 1070 (Mobile)",Mobile,10465,https://pcgamebenchmarks.com/gpu/geforce-gtx-1070-mobile
"Radeon 8040S",Desktop,10431,https://pcgamebenchmarks.com/gpu/radeon-8040s
"GeForce GTX 1650 SUPER",Desktop,10188,https://pcgamebenchmarks.com/gpu/geforce-gtx-1650-super
"GeForce RTX 3050 6GB Laptop GPU",Mobile,10130,https://pcgamebenchmarks.com/gpu/geforce-rtx-3050-6gb-laptop-gpu
"GeForce GTX 1660 Ti (Mobile)",Mobile,10098,https://pcgamebenchmarks.com/gpu/geforce-gtx-1660-ti-mobile
"GeForce RTX 3050 Ti Laptop GPU",Mobile,10091,https://pcgamebenchmarks.com/gpu/geforce-rtx-3050-ti-laptop-gpu
"RTX A1000 6GB Laptop GPU",Mobile,10069,https://pcgamebenchmarks.com/gpu/rtx-a1000-6gb-laptop-gpu
"GeForce GTX 1060",Desktop,10055,https://pcgamebenchmarks.com/gpu/geforce-gtx-1060
"RTX PRO 500 Blackwell Embedded GPU",Desktop,9910,https://pcgamebenchmarks.com/gpu/rtx-pro-500-blackwell-embedded-gpu
"GeForce GTX 1060 3GB",Desktop,9831,https://pcgamebenchmarks.com/gpu/geforce-gtx-1060-3gb
"Intel Arc A730M",Unknown,9808,https://pcgamebenchmarks.com/gpu/intel-arc-a730m
"GeForce GTX 1070 with Max-Q Design",Mobile,9780,https://pcgamebenchmarks.com/gpu/geforce-gtx-1070-with-max-q-design
"Radeon R9 Fury + Fury X",Desktop,9741,https://pcgamebenchmarks.com/gpu/radeon-r9-fury-fury-x
"GeForce GTX 970",Desktop,9638,https://pcgamebenchmarks.com/gpu/geforce-gtx-970
"Radeon RX 6500 XT",Desktop,9633,https://pcgamebenchmarks.com/gpu/radeon-rx-6500-xt
"GeForce RTX 2060 with Max-Q Design",Mobile,9628,https://pcgamebenchmarks.com/gpu/geforce-rtx-2060-with-max-q-design
"Radeon RX 6550M",Mobile,9620,https://pcgamebenchmarks.com/gpu/radeon-rx-6550m
"Radeon R9 Fury",Unknown,9523,https://pcgamebenchmarks.com/gpu/radeon-r9-fury
"Intel Arc Pro A60",Unknown,9493,https://pcgamebenchmarks.com/gpu/intel-arc-pro-a60
"GeForce RTX 3050 4GB Laptop GPU",Mobile,9490,https://pcgamebenchmarks.com/gpu/geforce-rtx-3050-4gb-laptop-gpu
"RTX A1000 Laptop GPU",Mobile,9479,https://pcgamebenchmarks.com/gpu/rtx-a1000-laptop-gpu
"GeForce GTX 780 Ti",Desktop,9468,https://pcgamebenchmarks.com/gpu/geforce-gtx-780-ti
"Intel Arc GPU",Desktop,9446,https://pcgamebenchmarks.com/gpu/intel-arc-gpu
"Intel Arc B390 GPU",Desktop,9393,https://pcgamebenchmarks.com/gpu/intel-arc-b390-gpu
"Radeon R9 Fury X",Unknown,9376,https://pcgamebenchmarks.com/gpu/radeon-r9-fury-x
"Radeon RX 590",Desktop,9301,https://pcgamebenchmarks.com/gpu/radeon-rx-590
"Radeon Pro 5600M",Mobile,9285,https://pcgamebenchmarks.com/gpu/radeon-pro-5600m
"Radeon R9 390X",Desktop,9257,https://pcgamebenchmarks.com/gpu/radeon-r9-390x
"GeForce GTX 1060 5GB",Desktop,9212,https://pcgamebenchmarks.com/gpu/geforce-gtx-1060-5gb
"GeForce GTX TITAN Black",Desktop,9192,https://pcgamebenchmarks.com/gpu/geforce-gtx-titan-black
"Quadro P4000 with Max-Q Design",Mobile,9083,https://pcgamebenchmarks.com/gpu/quadro-p4000-with-max-q-design
"Radeon RX 5500 XT",Desktop,9072,https://pcgamebenchmarks.com/gpu/radeon-rx-5500-xt
"Radeon Pro W5500",Desktop,8941,https://pcgamebenchmarks.com/gpu/radeon-pro-w5500
"GeForce GTX TITAN Z",Desktop,8897,https://pcgamebenchmarks.com/gpu/geforce-gtx-titan-z
"Radeon RX 5500",Desktop,8853,https://pcgamebenchmarks.com/gpu/radeon-rx-5500
"Radeon R9 295X2",Desktop,8816,https://pcgamebenchmarks.com/gpu/radeon-r9-295x2
"Radeon R9 390",Desktop,8808,https://pcgamebenchmarks.com/gpu/radeon-r9-390
"Radeon RX 580",Desktop,8791,https://pcgamebenchmarks.com/gpu/radeon-rx-580
"Radeon RX 5600M",Mobile,8789,https://pcgamebenchmarks.com/gpu/radeon-rx-5600m
"Intel Arc B370 GPU",Desktop,8755,https://pcgamebenchmarks.com/gpu/intel-arc-b370-gpu
"GeForce GTX 1660 Ti with Max-Q Design",Mobile,8616,https://pcgamebenchmarks.com/gpu/geforce-gtx-1660-ti-with-max-q-design
"Radeon RX 480",Desktop,8540,https://pcgamebenchmarks.com/gpu/radeon-rx-480
"Radeon R9 290X",Unknown,8432,https://pcgamebenchmarks.com/gpu/radeon-r9-290x
"Radeon R9 290X / 390X",Desktop,8380,https://pcgamebenchmarks.com/gpu/radeon-r9-290x-390x
"Radeon Pro Duo",Desktop,8371,https://pcgamebenchmarks.com/gpu/radeon-pro-duo
"Ryzen 5 4600HS with Radeon Graphics",Unknown,8371,https://pcgamebenchmarks.com/gpu/ryzen-5-4600hs-with-radeon-graphics
"Radeon RX590 GME",Desktop,8341,https://pcgamebenchmarks.com/gpu/radeon-rx590-gme
"GeForce GTX Titan",Desktop,8195,https://pcgamebenchmarks.com/gpu/geforce-gtx-titan
"Quadro RTX 3000 with Max-Q Design",Mobile,8169,https://pcgamebenchmarks.com/gpu/quadro-rtx-3000-with-max-q-design
"GeForce GTX 1060 (Mobile)",Mobile,8160,https://pcgamebenchmarks.com/gpu/geforce-gtx-1060-mobile
"Radeon R9 290",Unknown,8153,https://pcgamebenchmarks.com/gpu/radeon-r9-290
"Radeon R9 290 / 390",Desktop,8150,https://pcgamebenchmarks.com/gpu/radeon-r9-290-390
"Radeon 890M",Mobile,8149,https://pcgamebenchmarks.com/gpu/radeon-890m
"Intel Arc A530M",Unknown,8045,https://pcgamebenchmarks.com/gpu/intel-arc-a530m
"Ryzen 9 6900HS",Unknown,8005,https://pcgamebenchmarks.com/gpu/ryzen-9-6900hs
"GeForce GTX 780",Desktop,7946,https://pcgamebenchmarks.com/gpu/geforce-gtx-780
"Radeon RX 470/570",Desktop,7924,https://pcgamebenchmarks.com/gpu/radeon-rx-470570
"GeForce GTX 1650",Desktop,7873,https://pcgamebenchmarks.com/gpu/geforce-gtx-1650
"T1200 Laptop GPU",Mobile,7843,https://pcgamebenchmarks.com/gpu/t1200-laptop-gpu
"GeForce GTX 1060 with Max-Q Design",Mobile,7832,https://pcgamebenchmarks.com/gpu/geforce-gtx-1060-with-max-q-design
"Ryzen 7 8845HS with Radeon 780M",Mobile,7766,https://pcgamebenchmarks.com/gpu/ryzen-7-8845hs-with-radeon-780m
"Radeon RX 6400",Desktop,7746,https://pcgamebenchmarks.com/gpu/radeon-rx-6400
"GeForce RTX 2050",Mobile,7712,https://pcgamebenchmarks.com/gpu/geforce-rtx-2050
"T1000 8GB",Unknown,7684,https://pcgamebenchmarks.com/gpu/t1000-8gb
"Radeon 880M",Mobile,7672,https://pcgamebenchmarks.com/gpu/radeon-880m
"Radeon RX 780",Unknown,7658,https://pcgamebenchmarks.com/gpu/radeon-rx-780
T1000,Unknown,7647,https://pcgamebenchmarks.com/gpu/t1000
"Radeon RX 580 2048SP",Desktop,7628,https://pcgamebenchmarks.com/gpu/radeon-rx-580-2048sp
"Radeon RX 5300",Desktop,7606,https://pcgamebenchmarks.com/gpu/radeon-rx-5300
"Radeon RX 6500",Unknown,7579,https://pcgamebenchmarks.com/gpu/radeon-rx-6500
"Radeon Pro 580X",Desktop,7540,https://pcgamebenchmarks.com/gpu/radeon-pro-580x
"GeForce GTX 1650 Ti",Mobile,7536,https://pcgamebenchmarks.com/gpu/geforce-gtx-1650-ti
"Radeon RX 580X",Desktop,7478,https://pcgamebenchmarks.com/gpu/radeon-rx-580x
"GeForce GTX 980M",Mobile,7383,https://pcgamebenchmarks.com/gpu/geforce-gtx-980m
"Radeon RX 6500M",Mobile,7332,https://pcgamebenchmarks.com/gpu/radeon-rx-6500m
"Quadro T2000",Mobile,7284,https://pcgamebenchmarks.com/gpu/quadro-t2000
"RadeonT 780M",Mobile,7103,https://pcgamebenchmarks.com/gpu/radeont-780m
"T600 Laptop GPU",Mobile,7042,https://pcgamebenchmarks.com/gpu/t600-laptop-gpu
"Quadro T2000 with Max-Q Design",Mobile,7018,https://pcgamebenchmarks.com/gpu/quadro-t2000-with-max-q-design
"GeForce GTX 1650 (Mobile)",Mobile,6968,https://pcgamebenchmarks.com/gpu/geforce-gtx-1650-mobile
"Radeon 780M",Mobile,6866,https://pcgamebenchmarks.com/gpu/radeon-780m
"Radeon Ryzen 9 6900HS",Unknown,6737,https://pcgamebenchmarks.com/gpu/radeon-ryzen-9-6900hs
"Radeon Pro 5500M",Mobile,6733,https://pcgamebenchmarks.com/gpu/radeon-pro-5500m
"GeForce GTX 970XM FORCE",Unknown,6707,https://pcgamebenchmarks.com/gpu/geforce-gtx-970xm-force
"Quadro T1000 with Max-Q Design",Mobile,6689,https://pcgamebenchmarks.com/gpu/quadro-t1000-with-max-q-design
"Radeon R9 285",Unknown,6680,https://pcgamebenchmarks.com/gpu/radeon-r9-285
"Intel Arc Pro 140T GPU",Desktop,6659,https://pcgamebenchmarks.com/gpu/intel-arc-pro-140t-gpu
"Intel Arc 140T GPU",Desktop,6636,https://pcgamebenchmarks.com/gpu/intel-arc-140t-gpu
"GeForce GTX 1650 Ti with Max-Q Design",Mobile,6616,https://pcgamebenchmarks.com/gpu/geforce-gtx-1650-ti-with-max-q-design
"Radeon RX 6450M",Mobile,6601,https://pcgamebenchmarks.com/gpu/radeon-rx-6450m
"RTX A500 Laptop GPU",Mobile,6576,https://pcgamebenchmarks.com/gpu/rtx-a500-laptop-gpu
"Radeon RX Vega M GH",Unknown,6559,https://pcgamebenchmarks.com/gpu/radeon-rx-vega-m-gh
"Quadro T1000",Mobile,6501,https://pcgamebenchmarks.com/gpu/quadro-t1000
"AMD Ryzen Z1 Extreme",Unknown,6438,https://pcgamebenchmarks.com/gpu/amd-ryzen-z1-extreme
"Radeon RX 6300M",Mobile,6421,https://pcgamebenchmarks.com/gpu/radeon-rx-6300m
T600,Unknown,6363,https://pcgamebenchmarks.com/gpu/t600
"GeForce GTX 1050 Ti",Desktop,6359,https://pcgamebenchmarks.com/gpu/geforce-gtx-1050-ti
"GeForce GTX 1650 with Max-Q Design",Mobile,6339,https://pcgamebenchmarks.com/gpu/geforce-gtx-1650-with-max-q-design
"GeForce MX570 A",Unknown,6296,https://pcgamebenchmarks.com/gpu/geforce-mx570-a
"Intel Arc A380E",Desktop,6290,https://pcgamebenchmarks.com/gpu/intel-arc-a380e
"Intel Arc A380",Desktop,6284,https://pcgamebenchmarks.com/gpu/intel-arc-a380
"Radeon Pro WX 7130",Mobile,6271,https://pcgamebenchmarks.com/gpu/radeon-pro-wx-7130
"Ryzen 7 6800HS with Radeon Graphics",Unknown,6240,https://pcgamebenchmarks.com/gpu/ryzen-7-6800hs-with-radeon-graphics
"Radeon Ryzen 7 6800HS",Unknown,6215,https://pcgamebenchmarks.com/gpu/radeon-ryzen-7-6800hs
"RTX A500 Embedded GPU",Desktop,6197,https://pcgamebenchmarks.com/gpu/rtx-a500-embedded-gpu
"Intel Arc Pro 130T GPU",Desktop,6178,https://pcgamebenchmarks.com/gpu/intel-arc-pro-130t-gpu
"Ryzen 9 PRO 6950H with Radeon Graphics",Unknown,6176,https://pcgamebenchmarks.com/gpu/ryzen-9-pro-6950h-with-radeon-graphics
"Intel Arc 130T GPU",Desktop,6173,https://pcgamebenchmarks.com/gpu/intel-arc-130t-gpu
"GeForce GTX 960",Desktop,6138,https://pcgamebenchmarks.com/gpu/geforce-gtx-960
"Radeon R9 380X",Desktop,6130,https://pcgamebenchmarks.com/gpu/radeon-r9-380x
"Ryzen 9 6900HS with Radeon Graphics",Unknown,6110,https://pcgamebenchmarks.com/gpu/ryzen-9-6900hs-with-radeon-graphics
"Radeon R9 280X",Desktop,6083,https://pcgamebenchmarks.com/gpu/radeon-r9-280x
"RTX A400",Desktop,6003,https://pcgamebenchmarks.com/gpu/rtx-a400
"Radeon RX 5500M",Mobile,5995,https://pcgamebenchmarks.com/gpu/radeon-rx-5500m
"Radeon R9 380",Desktop,5977,https://pcgamebenchmarks.com/gpu/radeon-r9-380
"GeForce GTX 770",Desktop,5968,https://pcgamebenchmarks.com/gpu/geforce-gtx-770
"Radeon Ryzen 7 6810U",Desktop,5937,https://pcgamebenchmarks.com/gpu/radeon-ryzen-7-6810u
"GeForce GTX 1050 Ti (Mobile)",Mobile,5918,https://pcgamebenchmarks.com/gpu/geforce-gtx-1050-ti-mobile
"Intel Arc Pro A30M",Unknown,5862,https://pcgamebenchmarks.com/gpu/intel-arc-pro-a30m
"RadeonT 760M",Mobile,5846,https://pcgamebenchmarks.com/gpu/radeont-760m
"Intel Arc Pro",Desktop,5843,https://pcgamebenchmarks.com/gpu/intel-arc-pro
"Radeon Ryzen 7 7736U",Unknown,5826,https://pcgamebenchmarks.com/gpu/radeon-ryzen-7-7736u
"Radeon Pro 5300M",Mobile,5816,https://pcgamebenchmarks.com/gpu/radeon-pro-5300m
"Matrox LUMA A380P",Unknown,5811,https://pcgamebenchmarks.com/gpu/matrox-luma-a380p
"Ryzen 7 PRO 6850H with Radeon Graphics",Unknown,5791,https://pcgamebenchmarks.com/gpu/ryzen-7-pro-6850h-with-radeon-graphics
"Ryzen 9 PRO 6950H",Unknown,5759,https://pcgamebenchmarks.com/gpu/ryzen-9-pro-6950h
"Intel Arc Pro A40/A50",Unknown,5758,https://pcgamebenchmarks.com/gpu/intel-arc-pro-a40a50
"GeForce MX570",Unknown,5750,https://pcgamebenchmarks.com/gpu/geforce-mx570
"GeForce GTX 970M",Mobile,5713,https://pcgamebenchmarks.com/gpu/geforce-gtx-970m
"Radeon E9550",Desktop,5693,https://pcgamebenchmarks.com/gpu/radeon-e9550
"RadeonT 680M Ryzen 7 7735HS",Mobile,5681,https://pcgamebenchmarks.com/gpu/radeont-680m-ryzen-7-7735hs
"RadeonT 680M",Mobile,5680,https://pcgamebenchmarks.com/gpu/radeont-680m
"Eng Sample: 100-000000560-40_Y",Unknown,5656,https://pcgamebenchmarks.com/gpu/eng-sample-100-000000560-40-y
"Intel Arc 140T",Desktop,5635,https://pcgamebenchmarks.com/gpu/intel-arc-140t
"Radeon Eng Sample: 100-000000544-40_Y",Desktop,5630,https://pcgamebenchmarks.com/gpu/radeon-eng-sample-100-000000544-40-y
"GeForce GTX 680",Desktop,5615,https://pcgamebenchmarks.com/gpu/geforce-gtx-680
"Radeon Ryzen 9 PRO 6950H",Unknown,5609,https://pcgamebenchmarks.com/gpu/radeon-ryzen-9-pro-6950h
"Ryzen 7 PRO 6850U",Unknown,5581,https://pcgamebenchmarks.com/gpu/ryzen-7-pro-6850u
"Radeon HD 7990",Desktop,5566,https://pcgamebenchmarks.com/gpu/radeon-hd-7990
"Radeon R9 285 / 380",Desktop,5550,https://pcgamebenchmarks.com/gpu/radeon-r9-285-380
"Radeon TM",Desktop,5535,https://pcgamebenchmarks.com/gpu/radeon-tm
"Radeon R9 280",Desktop,5527,https://pcgamebenchmarks.com/gpu/radeon-r9-280
"Radeon Ryzen 7 PRO 6850H",Unknown,5521,https://pcgamebenchmarks.com/gpu/radeon-ryzen-7-pro-6850h
"Ryzen 9 5900HS with Radeon Graphics",Unknown,5509,https://pcgamebenchmarks.com/gpu/ryzen-9-5900hs-with-radeon-graphics
"Radeon 680M Ryzen 9 6900HX",Mobile,5493,https://pcgamebenchmarks.com/gpu/radeon-680m-ryzen-9-6900hx
"Intel Arc",Unknown,5492,https://pcgamebenchmarks.com/gpu/intel-arc
"GeForce GTX 760 Ti OEM",Unknown,5474,https://pcgamebenchmarks.com/gpu/geforce-gtx-760-ti-oem
L2,Desktop,5467,https://pcgamebenchmarks.com/gpu/l2
"Ryzen 7 6800HS Creator Edition",Unknown,5465,https://pcgamebenchmarks.com/gpu/ryzen-7-6800hs-creator-edition
"Intel Arc A310",Desktop,5451,https://pcgamebenchmarks.com/gpu/intel-arc-a310
"GeForce GTX 690",Desktop,5448,https://pcgamebenchmarks.com/gpu/geforce-gtx-690
"Radeon 760M",Mobile,5392,https://pcgamebenchmarks.com/gpu/radeon-760m
"GeForce GTX 670",Desktop,5364,https://pcgamebenchmarks.com/gpu/geforce-gtx-670
"GeForce GTX 950",Desktop,5352,https://pcgamebenchmarks.com/gpu/geforce-gtx-950
"Radeon RX 6300",Unknown,5339,https://pcgamebenchmarks.com/gpu/radeon-rx-6300
"Radeon Ryzen 7 6800HS Creator Edition",Unknown,5322,https://pcgamebenchmarks.com/gpu/radeon-ryzen-7-6800hs-creator-edition
"GeForce GTX 1050 Ti with Max-Q Design",Mobile,5308,https://pcgamebenchmarks.com/gpu/geforce-gtx-1050-ti-with-max-q-design
"GeForce GTX 760 Ti",Desktop,5307,https://pcgamebenchmarks.com/gpu/geforce-gtx-760-ti
"Ryzen 7 6800H",Unknown,5260,https://pcgamebenchmarks.com/gpu/ryzen-7-6800h
"Radeon Ryzen 7 7735H",Unknown,5253,https://pcgamebenchmarks.com/gpu/radeon-ryzen-7-7735h
"Radeon HD 7970 / R9 280X",Desktop,5248,https://pcgamebenchmarks.com/gpu/radeon-hd-7970-r9-280x
"Radeon RX 5300M",Mobile,5243,https://pcgamebenchmarks.com/gpu/radeon-rx-5300m
"Ryzen 7 6800HS",Unknown,5237,https://pcgamebenchmarks.com/gpu/ryzen-7-6800hs
"Radeon HD 8990",Desktop,5214,https://pcgamebenchmarks.com/gpu/radeon-hd-8990
"Ryzen 7 7735HS with Radeon Graphics",Unknown,5175,https://pcgamebenchmarks.com/gpu/ryzen-7-7735hs-with-radeon-graphics
Q12U-1,Unknown,5164,https://pcgamebenchmarks.com/gpu/q12u-1
"Radeon Ryzen 9 6900HS Creator Edition",Unknown,5156,https://pcgamebenchmarks.com/gpu/radeon-ryzen-9-6900hs-creator-edition
"Radeon R9 M295X",Mobile,5150,https://pcgamebenchmarks.com/gpu/radeon-r9-m295x
"Ryzen 7 Pro 7735U with Radeon Graphics",Unknown,5142,https://pcgamebenchmarks.com/gpu/ryzen-7-pro-7735u-with-radeon-graphics
"Intel Arc 140V GPU",Desktop,5140,https://pcgamebenchmarks.com/gpu/intel-arc-140v-gpu
"Ryzen 7 PRO 6850U with Radeon Graphics",Unknown,5116,https://pcgamebenchmarks.com/gpu/ryzen-7-pro-6850u-with-radeon-graphics
"Intel Arc A370M",Unknown,5115,https://pcgamebenchmarks.com/gpu/intel-arc-a370m
"GeForce GTX 1050 3GB",Desktop,5111,https://pcgamebenchmarks.com/gpu/geforce-gtx-1050-3gb
"Ryzen 9 6900HX with Radeon Graphics",Unknown,5111,https://pcgamebenchmarks.com/gpu/ryzen-9-6900hx-with-radeon-graphics
"Radeon R9 M395X",Mobile,5109,https://pcgamebenchmarks.com/gpu/radeon-r9-m395x
"Ryzen 7 7735U with Radeon Graphics",Unknown,5081,https://pcgamebenchmarks.com/gpu/ryzen-7-7735u-with-radeon-graphics
"Ryzen 7 PRO 6860Z",Unknown,5077,https://pcgamebenchmarks.com/gpu/ryzen-7-pro-6860z
"Radeon Ryzen 7 PRO 6850HS",Unknown,5057,https://pcgamebenchmarks.com/gpu/radeon-ryzen-7-pro-6850hs
"GeForce GTX 1050",Desktop,5046,https://pcgamebenchmarks.com/gpu/geforce-gtx-1050
"Ryzen 7 6800U",Unknown,5006,https://pcgamebenchmarks.com/gpu/ryzen-7-6800u
"GeForce GTX 1630",Desktop,4985,https://pcgamebenchmarks.com/gpu/geforce-gtx-1630
"Ryzen 7 6800H with Radeon Graphics",Unknown,4960,https://pcgamebenchmarks.com/gpu/ryzen-7-6800h-with-radeon-graphics
"Intel Arc A310 LP",Desktop,4903,https://pcgamebenchmarks.com/gpu/intel-arc-a310-lp
"Radeon Ryzen 7 7735HS",Unknown,4897,https://pcgamebenchmarks.com/gpu/radeon-ryzen-7-7735hs
"Radeon 860M",Mobile,4890,https://pcgamebenchmarks.com/gpu/radeon-860m
"Intel Arc 130V GPU RI",Desktop,4882,https://pcgamebenchmarks.com/gpu/intel-arc-130v-gpu-ri
"Radeon R9 270X",Desktop,4875,https://pcgamebenchmarks.com/gpu/radeon-r9-270x
"Radeon R9 M395",Mobile,4870,https://pcgamebenchmarks.com/gpu/radeon-r9-m395
"Ryzen 7 PRO 6860Z with Radeon Graphics",Unknown,4869,https://pcgamebenchmarks.com/gpu/ryzen-7-pro-6860z-with-radeon-graphics
"Radeon Ryzen 7 6800H",Unknown,4857,https://pcgamebenchmarks.com/gpu/radeon-ryzen-7-6800h
"GeForce GTX 760",Desktop,4823,https://pcgamebenchmarks.com/gpu/geforce-gtx-760
"Intel Arc 140V GPU RI",Desktop,4822,https://pcgamebenchmarks.com/gpu/intel-arc-140v-gpu-ri
"Radeon Ryzen Z2 Go",Desktop,4784,https://pcgamebenchmarks.com/gpu/radeon-ryzen-z2-go
"Radeon HD 7950 / R9 280",Desktop,4765,https://pcgamebenchmarks.com/gpu/radeon-hd-7950-r9-280
"Ryzen 7 6800U with Radeon Graphics",Unknown,4760,https://pcgamebenchmarks.com/gpu/ryzen-7-6800u-with-radeon-graphics
"T550 Laptop GPU",Mobile,4753,https://pcgamebenchmarks.com/gpu/t550-laptop-gpu
"Radeon Sky 500",Unknown,4723,https://pcgamebenchmarks.com/gpu/radeon-sky-500
"Radeon R9 370",Desktop,4722,https://pcgamebenchmarks.com/gpu/radeon-r9-370
"Ryzen 9 PRO 6950HS with Radeon Graphics",Unknown,4705,https://pcgamebenchmarks.com/gpu/ryzen-9-pro-6950hs-with-radeon-graphics
"Radeon Ryzen 7 7735U",Unknown,4647,https://pcgamebenchmarks.com/gpu/radeon-ryzen-7-7735u
"GeForce GTX 580",Desktop,4631,https://pcgamebenchmarks.com/gpu/geforce-gtx-580
"Radeon Pro WX Vega M GL",Mobile,4618,https://pcgamebenchmarks.com/gpu/radeon-pro-wx-vega-m-gl
"Radeon Ryzen 7 170",Desktop,4605,https://pcgamebenchmarks.com/gpu/radeon-ryzen-7-170
"Radeon HD 7870",Desktop,4565,https://pcgamebenchmarks.com/gpu/radeon-hd-7870
B8DKMDAP,Unknown,4557,https://pcgamebenchmarks.com/gpu/b8dkmdap
"Radeon Ryzen 7 PRO 6860Z",Unknown,4536,https://pcgamebenchmarks.com/gpu/radeon-ryzen-7-pro-6860z
"Intel Arc 130V GPU",Desktop,4497,https://pcgamebenchmarks.com/gpu/intel-arc-130v-gpu
"Radeon R7 370",Desktop,4482,https://pcgamebenchmarks.com/gpu/radeon-r7-370
"Radeon HD 7870 XT",Desktop,4470,https://pcgamebenchmarks.com/gpu/radeon-hd-7870-xt
"GeForce GTX 1050 (Mobile)",Mobile,4463,https://pcgamebenchmarks.com/gpu/geforce-gtx-1050-mobile
"Radeon Ryzen 9 PRO 6950HS",Unknown,4463,https://pcgamebenchmarks.com/gpu/radeon-ryzen-9-pro-6950hs
"GeForce MX550",Unknown,4450,https://pcgamebenchmarks.com/gpu/geforce-mx550
"GeForce GTX 660 Ti",Desktop,4410,https://pcgamebenchmarks.com/gpu/geforce-gtx-660-ti
"Radeon 680M Ryzen 7 7735HS",Mobile,4347,https://pcgamebenchmarks.com/gpu/radeon-680m-ryzen-7-7735hs
"PCI\VEN_1002&DEV_164E&SUBSYS_D0001458&REV_C7 Ryzen",Unknown,4339,https://pcgamebenchmarks.com/gpu/pciven-1002dev-164esubsys-d0001458rev-c7-ryzen
"Radeon R9 270",Unknown,4306,https://pcgamebenchmarks.com/gpu/radeon-r9-270
"Radeon R9 270 / R7 370",Desktop,4260,https://pcgamebenchmarks.com/gpu/radeon-r9-270-r7-370
"Radeon Ryzen 7 6800U",Unknown,4222,https://pcgamebenchmarks.com/gpu/radeon-ryzen-7-6800u
"Radeon Eng Sample: 100-000000536-40_Y",Desktop,4211,https://pcgamebenchmarks.com/gpu/radeon-eng-sample-100-000000536-40-y
"Eng Sample: 100-000000561-40_Y",Unknown,4206,https://pcgamebenchmarks.com/gpu/eng-sample-100-000000561-40-y
"Winsta0\\Default",Desktop,4125,https://pcgamebenchmarks.com/gpu/winsta0default
"Radeon RX 460",Desktop,4100,https://pcgamebenchmarks.com/gpu/radeon-rx-460
"Ryzen 7 PRO 6850HS with Radeon Graphics",Unknown,4087,https://pcgamebenchmarks.com/gpu/ryzen-7-pro-6850hs-with-radeon-graphics
"GeForce GTX 480",Desktop,4078,https://pcgamebenchmarks.com/gpu/geforce-gtx-480
"RadeonT 660M Ryzen 5 7535HS",Mobile,4051,https://pcgamebenchmarks.com/gpu/radeont-660m-ryzen-5-7535hs
"GeForce GTX 660",Desktop,4047,https://pcgamebenchmarks.com/gpu/geforce-gtx-660
"Radeon HD 7800-serie",Unknown,4029,https://pcgamebenchmarks.com/gpu/radeon-hd-7800-serie
"Radeon 660M Ryzen 5 Pro 7535U",Mobile,4025,https://pcgamebenchmarks.com/gpu/radeon-660m-ryzen-5-pro-7535u
"Radeon Eng Sample: 100-000000263-50_Y",Desktop,3975,https://pcgamebenchmarks.com/gpu/radeon-eng-sample-100-000000263-50-y
"GeForce GTX 775M",Mobile,3940,https://pcgamebenchmarks.com/gpu/geforce-gtx-775m
"MacroSilicon USB Display Ryzen 7 6800U",Desktop,3940,https://pcgamebenchmarks.com/gpu/macrosilicon-usb-display-ryzen-7-6800u
"GeForce GTX 570",Desktop,3934,https://pcgamebenchmarks.com/gpu/geforce-gtx-570
"Radeon RX Vega M GL",Unknown,3926,https://pcgamebenchmarks.com/gpu/radeon-rx-vega-m-gl
"GeForce GTX 1050 with Max-Q Design",Mobile,3916,https://pcgamebenchmarks.com/gpu/geforce-gtx-1050-with-max-q-design
"Radeon HD 7850",Desktop,3902,https://pcgamebenchmarks.com/gpu/radeon-hd-7850
"GeForce GTX 750 Ti",Desktop,3900,https://pcgamebenchmarks.com/gpu/geforce-gtx-750-ti
"Radeon R9 M390X",Mobile,3895,https://pcgamebenchmarks.com/gpu/radeon-r9-m390x
"GeForce GTX 780M",Mobile,3890,https://pcgamebenchmarks.com/gpu/geforce-gtx-780m
"Radeon HD 8970M",Mobile,3876,https://pcgamebenchmarks.com/gpu/radeon-hd-8970m
"Matrox LUMA A310F",Unknown,3873,https://pcgamebenchmarks.com/gpu/matrox-luma-a310f
"GeForce GTX 965M",Mobile,3870,https://pcgamebenchmarks.com/gpu/geforce-gtx-965m
"GeForce GTX 880M",Mobile,3841,https://pcgamebenchmarks.com/gpu/geforce-gtx-880m
"Radeon Ryzen 7 Pro 7735U",Unknown,3828,https://pcgamebenchmarks.com/gpu/radeon-ryzen-7-pro-7735u
"Radeon 840M",Mobile,3828,https://pcgamebenchmarks.com/gpu/radeon-840m
"T400 4GB",Unknown,3812,https://pcgamebenchmarks.com/gpu/t400-4gb
"Radeon R9 M485X",Unknown,3801,https://pcgamebenchmarks.com/gpu/radeon-r9-m485x
"GeForce GTX 680MX",Mobile,3799,https://pcgamebenchmarks.com/gpu/geforce-gtx-680mx
"Radeon Ryzen 5 6600HS Creator Edition",Unknown,3794,https://pcgamebenchmarks.com/gpu/radeon-ryzen-5-6600hs-creator-edition
"Ryzen 5 Pro 7535U with Radeon Graphics",Unknown,3750,https://pcgamebenchmarks.com/gpu/ryzen-5-pro-7535u-with-radeon-graphics
"Ryzen 5 PRO 6650H with Radeon Graphics",Unknown,3727,https://pcgamebenchmarks.com/gpu/ryzen-5-pro-6650h-with-radeon-graphics
"Radeon 680M",Unknown,3717,https://pcgamebenchmarks.com/gpu/radeon-680m
"GeForce MX450",Unknown,3716,https://pcgamebenchmarks.com/gpu/geforce-mx450
"Radeon Ryzen 5 PRO 6650H",Unknown,3704,https://pcgamebenchmarks.com/gpu/radeon-ryzen-5-pro-6650h
P102-100,Desktop,3703,https://pcgamebenchmarks.com/gpu/p102-100
"Ryzen 5 6600HS Creator Edition",Unknown,3691,https://pcgamebenchmarks.com/gpu/ryzen-5-6600hs-creator-edition
"Matrox LUMA A310",Unknown,3690,https://pcgamebenchmarks.com/gpu/matrox-luma-a310
"Radeon RX 560",Desktop,3681,https://pcgamebenchmarks.com/gpu/radeon-rx-560
"Ryzen 5 7535HS with Radeon Graphics",Unknown,3680,https://pcgamebenchmarks.com/gpu/ryzen-5-7535hs-with-radeon-graphics
"Radeon HD 7970M",Mobile,3663,https://pcgamebenchmarks.com/gpu/radeon-hd-7970m
T400,Unknown,3624,https://pcgamebenchmarks.com/gpu/t400
T500,Unknown,3614,https://pcgamebenchmarks.com/gpu/t500
"Ryzen 5 6600H with Radeon Graphics",Unknown,3580,https://pcgamebenchmarks.com/gpu/ryzen-5-6600h-with-radeon-graphics
"GeForce GTX 680M KY_Bullet Edition",Mobile,3569,https://pcgamebenchmarks.com/gpu/geforce-gtx-680m-ky-bullet-edition
"GeForce GTX 870M",Mobile,3547,https://pcgamebenchmarks.com/gpu/geforce-gtx-870m
"Ryzen 5 PRO 6650U with Radeon Graphics",Unknown,3534,https://pcgamebenchmarks.com/gpu/ryzen-5-pro-6650u-with-radeon-graphics
"Radeon 680M Ryzen 7 Pro 7735U",Mobile,3531,https://pcgamebenchmarks.com/gpu/radeon-680m-ryzen-7-pro-7735u
"Ryzen 5 PRO 6650U",Unknown,3519,https://pcgamebenchmarks.com/gpu/ryzen-5-pro-6650u
"Radeon Ryzen 5 PRO 6650U",Unknown,3517,https://pcgamebenchmarks.com/gpu/radeon-ryzen-5-pro-6650u
"Radeon Ryzen 5 6600H",Unknown,3477,https://pcgamebenchmarks.com/gpu/radeon-ryzen-5-6600h
"Radeon Pro W5500M",Mobile,3470,https://pcgamebenchmarks.com/gpu/radeon-pro-w5500m
"GeForce GTX 960A",Unknown,3465,https://pcgamebenchmarks.com/gpu/geforce-gtx-960a
"Radeon RX 560X",Desktop,3428,https://pcgamebenchmarks.com/gpu/radeon-rx-560x
"GeForce GTX 650 Ti BOOST",Desktop,3407,https://pcgamebenchmarks.com/gpu/geforce-gtx-650-ti-boost
"GeForce GTX 960M",Mobile,3373,https://pcgamebenchmarks.com/gpu/geforce-gtx-960m
"Radeon HD8970M",Mobile,3369,https://pcgamebenchmarks.com/gpu/radeon-hd8970m
"Radeon E8870PCIe",Unknown,3368,https://pcgamebenchmarks.com/gpu/radeon-e8870pcie
"GeForce GTX 590",Desktop,3341,https://pcgamebenchmarks.com/gpu/geforce-gtx-590
"Ryzen 5 7535U with Radeon Graphics",Unknown,3324,https://pcgamebenchmarks.com/gpu/ryzen-5-7535u-with-radeon-graphics
"Radeon Ryzen 5 7533HS",Desktop,3321,https://pcgamebenchmarks.com/gpu/radeon-ryzen-5-7533hs
"Radeon Eng Sample: 100-000000546-40_Y",Desktop,3307,https://pcgamebenchmarks.com/gpu/radeon-eng-sample-100-000000546-40-y
"SMI USB Display Ryzen 7 7735HS",Desktop,3307,https://pcgamebenchmarks.com/gpu/smi-usb-display-ryzen-7-7735hs
"GeForce GTX 750",Desktop,3302,https://pcgamebenchmarks.com/gpu/geforce-gtx-750
"GeForce GTX 680M",Mobile,3277,https://pcgamebenchmarks.com/gpu/geforce-gtx-680m
"GeForce 770M",Mobile,3246,https://pcgamebenchmarks.com/gpu/geforce-770m
"Snapdragon X Elite - X1E001DE - Qualcomm Adreno GP",Desktop,3246,https://pcgamebenchmarks.com/gpu/snapdragon-x-elite-x1e001de-qualcomm-adreno-gp
"Radeon R9 M290X",Mobile,3244,https://pcgamebenchmarks.com/gpu/radeon-r9-m290x
"Radeon R9 M470X",Mobile,3244,https://pcgamebenchmarks.com/gpu/radeon-r9-m470x
"Custom GPU 0932",Desktop,3243,https://pcgamebenchmarks.com/gpu/custom-gpu-0932
"Ryzen 5 6600U with Radeon Graphics",Unknown,3233,https://pcgamebenchmarks.com/gpu/ryzen-5-6600u-with-radeon-graphics
"Radeon 660M",Mobile,3221,https://pcgamebenchmarks.com/gpu/radeon-660m
"Radeon 660M Ryzen 5 6600H",Mobile,3207,https://pcgamebenchmarks.com/gpu/radeon-660m-ryzen-5-6600h
"RadeonT 660M Ryzen 5 6600H",Mobile,3207,https://pcgamebenchmarks.com/gpu/radeont-660m-ryzen-5-6600h
"Radeon Ryzen 5 7535HS",Unknown,3206,https://pcgamebenchmarks.com/gpu/radeon-ryzen-5-7535hs
"Radeon Ryzen 5 6600U",Unknown,3205,https://pcgamebenchmarks.com/gpu/radeon-ryzen-5-6600u
"Radeon R7 260X",Desktop,3204,https://pcgamebenchmarks.com/gpu/radeon-r7-260x
"Intel Graphics",Unknown,3179,https://pcgamebenchmarks.com/gpu/intel-graphics
"GeForce GTX 470",Desktop,3162,https://pcgamebenchmarks.com/gpu/geforce-gtx-470
"Radeon Ryzen 7 4800H",Unknown,3160,https://pcgamebenchmarks.com/gpu/radeon-ryzen-7-4800h
"Radeon Ryzen 5 7535U",Unknown,3147,https://pcgamebenchmarks.com/gpu/radeon-ryzen-5-7535u
"Radeon RX 670",Desktop,3129,https://pcgamebenchmarks.com/gpu/radeon-rx-670
"Radeon R7 360",Desktop,3127,https://pcgamebenchmarks.com/gpu/radeon-r7-360
"Radeon HD 6990",Desktop,3118,https://pcgamebenchmarks.com/gpu/radeon-hd-6990
"Matrox LUMA A310FP",Unknown,3093,https://pcgamebenchmarks.com/gpu/matrox-luma-a310fp
"Radeon HD 7790",Desktop,3090,https://pcgamebenchmarks.com/gpu/radeon-hd-7790
"GeForce GTX 860M",Mobile,3089,https://pcgamebenchmarks.com/gpu/geforce-gtx-860m
"GeForce GTX 675MX",Mobile,3083,https://pcgamebenchmarks.com/gpu/geforce-gtx-675mx
"GeForce GTX 560 Ti",Desktop,3078,https://pcgamebenchmarks.com/gpu/geforce-gtx-560-ti
"Radeon 660M Ryzen 5 7535HS",Mobile,3078,https://pcgamebenchmarks.com/gpu/radeon-660m-ryzen-5-7535hs
"Radeon Ryzen 9 7950X 16-Core",Unknown,3050,https://pcgamebenchmarks.com/gpu/radeon-ryzen-9-7950x-16-core
"Radeon R9 260",Unknown,3048,https://pcgamebenchmarks.com/gpu/radeon-r9-260
"Qualcomm Adreno X1-85 GPU",Desktop,3044,https://pcgamebenchmarks.com/gpu/qualcomm-adreno-x1-85-gpu
"Ryzen 7 4800HS with Radeon Graphics",Unknown,3044,https://pcgamebenchmarks.com/gpu/ryzen-7-4800hs-with-radeon-graphics
"Ryzen 9 4900HS with Radeon Graphics",Unknown,3044,https://pcgamebenchmarks.com/gpu/ryzen-9-4900hs-with-radeon-graphics
"Ryzen 9 4900HSS with Radeon Graphics",Unknown,3044,https://pcgamebenchmarks.com/gpu/ryzen-9-4900hss-with-radeon-graphics
"Radeon Ryzen 7 4800HS",Unknown,3044,https://pcgamebenchmarks.com/gpu/radeon-ryzen-7-4800hs
"Radeon R9 360",Desktop,3032,https://pcgamebenchmarks.com/gpu/radeon-r9-360
"Radeon 740M",Mobile,2999,https://pcgamebenchmarks.com/gpu/radeon-740m
"Snapdragon X Elite - X1E84100 - Qualcomm Adreno GP",Desktop,2981,https://pcgamebenchmarks.com/gpu/snapdragon-x-elite-x1e84100-qualcomm-adreno-gp
"Ryzen 9 5900HX with Radeon Graphics",Unknown,2957,https://pcgamebenchmarks.com/gpu/ryzen-9-5900hx-with-radeon-graphics
"Radeon Ryzen 7 PRO 5800H",Desktop,2945,https://pcgamebenchmarks.com/gpu/radeon-ryzen-7-pro-5800h
"Radeon 660M Ryzen 5 7533HS",Mobile,2938,https://pcgamebenchmarks.com/gpu/radeon-660m-ryzen-5-7533hs
"Radeon RX Vega Ryzen 7 5825U",Desktop,2916,https://pcgamebenchmarks.com/gpu/radeon-rx-vega-ryzen-7-5825u
"Radeon R7 260",Desktop,2892,https://pcgamebenchmarks.com/gpu/radeon-r7-260
"Radeon Ryzen 7 PRO 5755G",Desktop,2886,https://pcgamebenchmarks.com/gpu/radeon-ryzen-7-pro-5755g
"Ryzen 7 PRO 4700G with Radeon Graphics",Unknown,2880,https://pcgamebenchmarks.com/gpu/ryzen-7-pro-4700g-with-radeon-graphics
"Radeon Eng Sample: 100-000000295-40_Y",Desktop,2879,https://pcgamebenchmarks.com/gpu/radeon-eng-sample-100-000000295-40-y
"Radeon Pro WX 4170",Mobile,2870,https://pcgamebenchmarks.com/gpu/radeon-pro-wx-4170
"Radeon Ryzen 7 5800H",Unknown,2845,https://pcgamebenchmarks.com/gpu/radeon-ryzen-7-5800h
"Radeon HD 8950",Desktop,2834,https://pcgamebenchmarks.com/gpu/radeon-hd-8950
"Radeon HD 6970",Desktop,2831,https://pcgamebenchmarks.com/gpu/radeon-hd-6970
"GeForce MX350",Unknown,2820,https://pcgamebenchmarks.com/gpu/geforce-mx350
"GeForce GTX 770M",Mobile,2795,https://pcgamebenchmarks.com/gpu/geforce-gtx-770m
"Ryzen 7 5800HS with Radeon Graphics",Unknown,2795,https://pcgamebenchmarks.com/gpu/ryzen-7-5800hs-with-radeon-graphics
"Radeon Ryzen 5 Pro 7535U",Unknown,2793,https://pcgamebenchmarks.com/gpu/radeon-ryzen-5-pro-7535u
"GeForce GTX 560",Desktop,2780,https://pcgamebenchmarks.com/gpu/geforce-gtx-560
"Radeon R9 M380",Mobile,2759,https://pcgamebenchmarks.com/gpu/radeon-r9-m380
"Radeon Ryzen 9 5980HS",Unknown,2749,https://pcgamebenchmarks.com/gpu/radeon-ryzen-9-5980hs
"Ryzen 7 5800H with Radeon Graphics",Unknown,2737,https://pcgamebenchmarks.com/gpu/ryzen-7-5800h-with-radeon-graphics
"Radeon Renoir D1 Ryzen 5 5500U",Desktop,2731,https://pcgamebenchmarks.com/gpu/radeon-renoir-d1-ryzen-5-5500u
"Ryzen 7 5700G with Radeon Graphics",Unknown,2722,https://pcgamebenchmarks.com/gpu/ryzen-7-5700g-with-radeon-graphics
"Ryzen 9 4900H with Radeon Graphics",Unknown,2714,https://pcgamebenchmarks.com/gpu/ryzen-9-4900h-with-radeon-graphics
"Radeon RX 550",Desktop,2691,https://pcgamebenchmarks.com/gpu/radeon-rx-550
"Ryzen 7 Pro 4750G with Radeon Graphics",Unknown,2682,https://pcgamebenchmarks.com/gpu/ryzen-7-pro-4750g-with-radeon-graphics
"GeForce GTX 465",Desktop,2656,https://pcgamebenchmarks.com/gpu/geforce-gtx-465
"Radeon Eng Sample: 100-000000285-30_Y",Desktop,2640,https://pcgamebenchmarks.com/gpu/radeon-eng-sample-100-000000285-30-y
"MONSTER GeForce GTX 675M",Mobile,2637,https://pcgamebenchmarks.com/gpu/monster-geforce-gtx-675m
"Intel Iris Xe",Unknown,2610,https://pcgamebenchmarks.com/gpu/intel-iris-xe
"Radeon HD 8770",Unknown,2607,https://pcgamebenchmarks.com/gpu/radeon-hd-8770
"Ryzen 7 5700GE with Radeon Graphics",Unknown,2607,https://pcgamebenchmarks.com/gpu/ryzen-7-5700ge-with-radeon-graphics
"Snapdragon X Plus - X1P64100 - Qualcomm Adreno GPU",Desktop,2607,https://pcgamebenchmarks.com/gpu/snapdragon-x-plus-x1p64100-qualcomm-adreno-gpu
"Snapdragon X Elite - X1E80100 - Qualcomm Adreno GP",Desktop,2603,https://pcgamebenchmarks.com/gpu/snapdragon-x-elite-x1e80100-qualcomm-adreno-gp
"Radeon RX Vega 11 Ryzen 7 3700U",Unknown,2602,https://pcgamebenchmarks.com/gpu/radeon-rx-vega-11-ryzen-7-3700u
"GeForce GTX 950A",Unknown,2599,https://pcgamebenchmarks.com/gpu/geforce-gtx-950a
"Radeon Ryzen 5 150",Desktop,2595,https://pcgamebenchmarks.com/gpu/radeon-ryzen-5-150
"Radeon Ryzen 9 4950U Mobile",Mobile,2594,https://pcgamebenchmarks.com/gpu/radeon-ryzen-9-4950u-mobile
"Radeon HD 6950",Desktop,2594,https://pcgamebenchmarks.com/gpu/radeon-hd-6950
"Radeon Ryzen 7 4700GE",Unknown,2586,https://pcgamebenchmarks.com/gpu/radeon-ryzen-7-4700ge
"GeForce GTX 950M",Mobile,2574,https://pcgamebenchmarks.com/gpu/geforce-gtx-950m
"Snapdragon X Elite - X1E78100 - Qualcomm Adreno GP",Desktop,2573,https://pcgamebenchmarks.com/gpu/snapdragon-x-elite-x1e78100-qualcomm-adreno-gp
"Ryzen 7 PRO 7730U with Radeon Graphics",Unknown,2567,https://pcgamebenchmarks.com/gpu/ryzen-7-pro-7730u-with-radeon-graphics
"Radeon Ryzen 9 4900H",Unknown,2555,https://pcgamebenchmarks.com/gpu/radeon-ryzen-9-4900h
"Radeon Pro WX 4150",Mobile,2551,https://pcgamebenchmarks.com/gpu/radeon-pro-wx-4150
"Radeon Ryzen 7 5800HS",Unknown,2550,https://pcgamebenchmarks.com/gpu/radeon-ryzen-7-5800hs
"Ryzen 7 PRO 4750GE with Radeon Graphics",Unknown,2550,https://pcgamebenchmarks.com/gpu/ryzen-7-pro-4750ge-with-radeon-graphics
"Ryzen 5 5600GE with Radeon Graphics",Unknown,2547,https://pcgamebenchmarks.com/gpu/ryzen-5-5600ge-with-radeon-graphics
"Ryzen 5 5600G with Radeon Graphics",Unknown,2545,https://pcgamebenchmarks.com/gpu/ryzen-5-5600g-with-radeon-graphics
"Radeon Ryzen 3 PRO 5355G",Desktop,2544,https://pcgamebenchmarks.com/gpu/radeon-ryzen-3-pro-5355g
"GeForce GTX 850M",Mobile,2540,https://pcgamebenchmarks.com/gpu/geforce-gtx-850m
"Ryzen 9 5980HS with Radeon Graphics",Unknown,2534,https://pcgamebenchmarks.com/gpu/ryzen-9-5980hs-with-radeon-graphics
"Radeon HD 6850 X2",Unknown,2534,https://pcgamebenchmarks.com/gpu/radeon-hd-6850-x2
"GeForce GTX 650 Ti",Desktop,2533,https://pcgamebenchmarks.com/gpu/geforce-gtx-650-ti
"Radeon Ryzen 7 PRO 4750G",Unknown,2529,https://pcgamebenchmarks.com/gpu/radeon-ryzen-7-pro-4750g
"FireStream 9370",Workstation,2528,https://pcgamebenchmarks.com/gpu/firestream-9370
N18E-Q1,Unknown,2525,https://pcgamebenchmarks.com/gpu/n18e-q1
"Radeon Ryzen 7 4700G",Unknown,2519,https://pcgamebenchmarks.com/gpu/radeon-ryzen-7-4700g
"Ryzen 7 4700GE with Radeon Graphics",Unknown,2496,https://pcgamebenchmarks.com/gpu/ryzen-7-4700ge-with-radeon-graphics
"Ryzen 5 PRO 5650G with Radeon Graphics",Unknown,2481,https://pcgamebenchmarks.com/gpu/ryzen-5-pro-5650g-with-radeon-graphics
"Radeon RX Vega 11 Ryzen 5 3350GE",Desktop,2480,https://pcgamebenchmarks.com/gpu/radeon-rx-vega-11-ryzen-5-3350ge
"Ryzen 5 PRO 5650GE with Radeon Graphics",Unknown,2455,https://pcgamebenchmarks.com/gpu/ryzen-5-pro-5650ge-with-radeon-graphics
"Ryzen 7 7730U with Radeon Graphics",Unknown,2433,https://pcgamebenchmarks.com/gpu/ryzen-7-7730u-with-radeon-graphics
"Radeon Ryzen 7 5825U",Unknown,2419,https://pcgamebenchmarks.com/gpu/radeon-ryzen-7-5825u
"Radeon Ryzen 5 5500GT",Unknown,2411,https://pcgamebenchmarks.com/gpu/radeon-ryzen-5-5500gt
"Radeon Eng Sample: 100-000000252-50_Y",Desktop,2411,https://pcgamebenchmarks.com/gpu/radeon-eng-sample-100-000000252-50-y
"Radeon RX Vega 11 PRD",Unknown,2402,https://pcgamebenchmarks.com/gpu/radeon-rx-vega-11-prd
"GeForce GT 1030",Desktop,2402,https://pcgamebenchmarks.com/gpu/geforce-gt-1030
"Radeon Ryzen 5 5600GT",Unknown,2393,https://pcgamebenchmarks.com/gpu/radeon-ryzen-5-5600gt
"Radeon RX Vega Ryzen 5 5600GT",Desktop,2393,https://pcgamebenchmarks.com/gpu/radeon-rx-vega-ryzen-5-5600gt
"Radeon Ryzen 7 5800U",Unknown,2386,https://pcgamebenchmarks.com/gpu/radeon-ryzen-7-5800u
"RadeonT 680M Ryzen 7 6800H",Mobile,2381,https://pcgamebenchmarks.com/gpu/radeont-680m-ryzen-7-6800h
"Ryzen 7 PRO 5750GE with Radeon Graphics",Unknown,2377,https://pcgamebenchmarks.com/gpu/ryzen-7-pro-5750ge-with-radeon-graphics
"GeForce MX250",Mobile,2376,https://pcgamebenchmarks.com/gpu/geforce-mx250
"Ryzen 5 Pro 4650G with Radeon Graphics",Unknown,2375,https://pcgamebenchmarks.com/gpu/ryzen-5-pro-4650g-with-radeon-graphics
"Eng Sample: 100-000000562-40_Y",Unknown,2370,https://pcgamebenchmarks.com/gpu/eng-sample-100-000000562-40-y
"Radeon RX 550X",Desktop,2367,https://pcgamebenchmarks.com/gpu/radeon-rx-550x
"Radeon Ryzen 5 5600H",Unknown,2364,https://pcgamebenchmarks.com/gpu/radeon-ryzen-5-5600h
"GeForce GTX 485M",Mobile,2360,https://pcgamebenchmarks.com/gpu/geforce-gtx-485m
"Radeon Ryzen 5 4600GE with Radeon Graphics",Unknown,2357,https://pcgamebenchmarks.com/gpu/radeon-ryzen-5-4600ge-with-radeon-graphics
"Radeon RX Vega Ryzen 5 5500U",Unknown,2356,https://pcgamebenchmarks.com/gpu/radeon-rx-vega-ryzen-5-5500u
"Ryzen 7 5825U with Radeon Graphics",Unknown,2351,https://pcgamebenchmarks.com/gpu/ryzen-7-5825u-with-radeon-graphics
"Radeon Ryzen 7 PRO 4750GE",Unknown,2348,https://pcgamebenchmarks.com/gpu/radeon-ryzen-7-pro-4750ge
"GeForce MX330",Unknown,2345,https://pcgamebenchmarks.com/gpu/geforce-mx330
"Ryzen 7 4800U with Radeon Graphics",Unknown,2344,https://pcgamebenchmarks.com/gpu/ryzen-7-4800u-with-radeon-graphics
"Ryzen 7 PRO 5750G with Radeon Graphics",Unknown,2335,https://pcgamebenchmarks.com/gpu/ryzen-7-pro-5750g-with-radeon-graphics
"Ryzen 5 4600G with Radeon Graphics",Unknown,2331,https://pcgamebenchmarks.com/gpu/ryzen-5-4600g-with-radeon-graphics
"Radeon R9 M470",Mobile,2331,https://pcgamebenchmarks.com/gpu/radeon-r9-m470
"Radeon RX Vega Ryzen 3 5300U",Unknown,2330,https://pcgamebenchmarks.com/gpu/radeon-rx-vega-ryzen-3-5300u
"Moore Threads MTT S80",Desktop,2330,https://pcgamebenchmarks.com/gpu/moore-threads-mtt-s80
"Radeon Ryzen 7 7730U",Unknown,2323,https://pcgamebenchmarks.com/gpu/radeon-ryzen-7-7730u
"Red Hat VirtIO GPU DOD controller",Unknown,2320,https://pcgamebenchmarks.com/gpu/red-hat-virtio-gpu-dod-controller
"Radeon Ryzen 5 PRO 5650G",Unknown,2313,https://pcgamebenchmarks.com/gpu/radeon-ryzen-5-pro-5650g
"Radeon RX Vega - Renoir Ryzen 3 5300U",Unknown,2312,https://pcgamebenchmarks.com/gpu/radeon-rx-vega-renoir-ryzen-3-5300u
"Ryzen 7 5800U with Radeon Graphics",Unknown,2310,https://pcgamebenchmarks.com/gpu/ryzen-7-5800u-with-radeon-graphics
"Radeon Ryzen 5 5600GE",Unknown,2310,https://pcgamebenchmarks.com/gpu/radeon-ryzen-5-5600ge
"Ryzen 5 PRO 4400G with Radeon Graphics",Unknown,2306,https://pcgamebenchmarks.com/gpu/ryzen-5-pro-4400g-with-radeon-graphics
"Ryzen 3 PRO 5350G with Radeon Graphics",Unknown,2305,https://pcgamebenchmarks.com/gpu/ryzen-3-pro-5350g-with-radeon-graphics
"Radeon Ryzen 7 4800U",Unknown,2299,https://pcgamebenchmarks.com/gpu/radeon-ryzen-7-4800u
"Ryzen 5 5600H with Radeon Graphics",Unknown,2297,https://pcgamebenchmarks.com/gpu/ryzen-5-5600h-with-radeon-graphics
"Radeon Ryzen 5 4400G",Unknown,2296,https://pcgamebenchmarks.com/gpu/radeon-ryzen-5-4400g
"Radeon HD 5970",Desktop,2290,https://pcgamebenchmarks.com/gpu/radeon-hd-5970
"Ryzen 3 4300GE with Radeon Graphics",Unknown,2278,https://pcgamebenchmarks.com/gpu/ryzen-3-4300ge-with-radeon-graphics
"Radeon Ryzen 5 PRO 4400G",Desktop,2273,https://pcgamebenchmarks.com/gpu/radeon-ryzen-5-pro-4400g
"Radeon Ryzen 5 PRO 5655G",Desktop,2272,https://pcgamebenchmarks.com/gpu/radeon-ryzen-5-pro-5655g
"GeForce GTX 460",Desktop,2272,https://pcgamebenchmarks.com/gpu/geforce-gtx-460
"Radeon Ryzen 7 5800HS Creator Edition",Unknown,2271,https://pcgamebenchmarks.com/gpu/radeon-ryzen-7-5800hs-creator-edition
"Radeon HD 6970M",Mobile,2270,https://pcgamebenchmarks.com/gpu/radeon-hd-6970m
"Ryzen 5 7430U with Radeon Graphics",Unknown,2270,https://pcgamebenchmarks.com/gpu/ryzen-5-7430u-with-radeon-graphics
"Radeon R7 250X",Desktop,2269,https://pcgamebenchmarks.com/gpu/radeon-r7-250x
"Radeon Ryzen 5 PRO 4655G",Unknown,2267,https://pcgamebenchmarks.com/gpu/radeon-ryzen-5-pro-4655g
"Radeon Ryzen 7 PRO 7730U",Unknown,2261,https://pcgamebenchmarks.com/gpu/radeon-ryzen-7-pro-7730u
"Ryzen 7 PRO 5850U with Radeon Graphics",Unknown,2261,https://pcgamebenchmarks.com/gpu/ryzen-7-pro-5850u-with-radeon-graphics
"GeForce MX150",Mobile,2254,https://pcgamebenchmarks.com/gpu/geforce-mx150
"Radeon Ryzen 5 7430U",Desktop,2252,https://pcgamebenchmarks.com/gpu/radeon-ryzen-5-7430u
"Ryzen 7 9700X 8-Core Processor",Unknown,2251,https://pcgamebenchmarks.com/gpu/ryzen-7-9700x-8-core-processor
"Ryzen 5 7530U with Radeon Graphics",Unknown,2250,https://pcgamebenchmarks.com/gpu/ryzen-5-7530u-with-radeon-graphics
"Ryzen 7 5700U with Radeon Graphics",Unknown,2241,https://pcgamebenchmarks.com/gpu/ryzen-7-5700u-with-radeon-graphics
"Radeon Ryzen Embedded V2748",Unknown,2241,https://pcgamebenchmarks.com/gpu/radeon-ryzen-embedded-v2748
"Radeon Ryzen 5 PRO 5650GE",Unknown,2237,https://pcgamebenchmarks.com/gpu/radeon-ryzen-5-pro-5650ge
"Radeon Ryzen 7 Microsoft Surface Edition",Unknown,2231,https://pcgamebenchmarks.com/gpu/radeon-ryzen-7-microsoft-surface-edition
"Ryzen 5 5500GT with Radeon Graphics",Unknown,2224,https://pcgamebenchmarks.com/gpu/ryzen-5-5500gt-with-radeon-graphics
"Radeon RX 640","Desktop, Mobile",2223,https://pcgamebenchmarks.com/gpu/radeon-rx-640
"Radeon Pro WX 3200",Mobile,2222,https://pcgamebenchmarks.com/gpu/radeon-pro-wx-3200
"RadeonT 660M",Mobile,2221,https://pcgamebenchmarks.com/gpu/radeont-660m
"Radeon Ryzen 5 PRO 4655GE",Unknown,2217,https://pcgamebenchmarks.com/gpu/radeon-ryzen-5-pro-4655ge
"Radeon Ryzen 7 5700U",Unknown,2204,https://pcgamebenchmarks.com/gpu/radeon-ryzen-7-5700u
"Radeon HD 6870",Desktop,2202,https://pcgamebenchmarks.com/gpu/radeon-hd-6870
"Ryzen 5 5600GT with Radeon Graphics",Unknown,2201,https://pcgamebenchmarks.com/gpu/ryzen-5-5600gt-with-radeon-graphics
"Radeon Vega 11 Ryzen 5 PRO 3350G",Unknown,2194,https://pcgamebenchmarks.com/gpu/radeon-vega-11-ryzen-5-pro-3350g
"Ryzen 7 4700G with Radeon Graphics",Unknown,2187,https://pcgamebenchmarks.com/gpu/ryzen-7-4700g-with-radeon-graphics
"Radeon 820M",Mobile,2180,https://pcgamebenchmarks.com/gpu/radeon-820m
"Radeon HD 5870",Desktop,2180,https://pcgamebenchmarks.com/gpu/radeon-hd-5870
"Radeon Ryzen 5 7530U",Unknown,2176,https://pcgamebenchmarks.com/gpu/radeon-ryzen-5-7530u
"Radeon RX 540",Desktop,2175,https://pcgamebenchmarks.com/gpu/radeon-rx-540
"Radeon Ryzen 7 PRO 5875U",Unknown,2174,https://pcgamebenchmarks.com/gpu/radeon-ryzen-7-pro-5875u
"Radeon HD 7770",Desktop,2171,https://pcgamebenchmarks.com/gpu/radeon-hd-7770
"Ryzen 5 PRO 4650GE with Radeon Graphics",Unknown,2169,https://pcgamebenchmarks.com/gpu/ryzen-5-pro-4650ge-with-radeon-graphics
"Radeon Ryzen 3 7335U",Desktop,2169,https://pcgamebenchmarks.com/gpu/radeon-ryzen-3-7335u
"Ryzen 5 5600U with Radeon Graphics",Unknown,2151,https://pcgamebenchmarks.com/gpu/ryzen-5-5600u-with-radeon-graphics
"Radeon 660M Ryzen 3 7335U",Mobile,2151,https://pcgamebenchmarks.com/gpu/radeon-660m-ryzen-3-7335u
"Radeon Ryzen 7 PRO 4700G",Desktop,2148,https://pcgamebenchmarks.com/gpu/radeon-ryzen-7-pro-4700g
"Ryzen 3 PRO 7330U with Radeon Graphics",Unknown,2144,https://pcgamebenchmarks.com/gpu/ryzen-3-pro-7330u-with-radeon-graphics
"GeForce 945M",Mobile,2138,https://pcgamebenchmarks.com/gpu/geforce-945m
"Radeon Ryzen 7 4850U Mobile",Unknown,2138,https://pcgamebenchmarks.com/gpu/radeon-ryzen-7-4850u-mobile
"Radeon Ryzen 9 7900X 12-Core",Unknown,2128,https://pcgamebenchmarks.com/gpu/radeon-ryzen-9-7900x-12-core
"Radeon 550",Unknown,2127,https://pcgamebenchmarks.com/gpu/radeon-550
"GeForce GTX 745",Desktop,2121,https://pcgamebenchmarks.com/gpu/geforce-gtx-745
"Radeon Ryzen 7 PRO 5755GE",Desktop,2120,https://pcgamebenchmarks.com/gpu/radeon-ryzen-7-pro-5755ge
"Radeon RX Vega 11 Ryzen 5 3400G",Unknown,2119,https://pcgamebenchmarks.com/gpu/radeon-rx-vega-11-ryzen-5-3400g
"Ryzen 5 4600H with Radeon Graphics",Unknown,2113,https://pcgamebenchmarks.com/gpu/ryzen-5-4600h-with-radeon-graphics
"Ryzen 7 4800H with Radeon Graphics",Unknown,2113,https://pcgamebenchmarks.com/gpu/ryzen-7-4800h-with-radeon-graphics
"Radeon Eng Sample: 100-000000288-40_Y",Desktop,2103,https://pcgamebenchmarks.com/gpu/radeon-eng-sample-100-000000288-40-y
"Ryzen 5 5560U with Radeon Graphics",Unknown,2098,https://pcgamebenchmarks.com/gpu/ryzen-5-5560u-with-radeon-graphics
"Ryzen 7 Extreme Edition",Unknown,2095,https://pcgamebenchmarks.com/gpu/ryzen-7-extreme-edition
"Radeon RX Vega 11",Desktop,2091,https://pcgamebenchmarks.com/gpu/radeon-rx-vega-11
"Radeon Ryzen 5 5600U",Unknown,2090,https://pcgamebenchmarks.com/gpu/radeon-ryzen-5-5600u
"Radeon Ryzen 5 PRO 4500U",Unknown,2078,https://pcgamebenchmarks.com/gpu/radeon-ryzen-5-pro-4500u
"GeForce GTX 460 v2",Desktop,2074,https://pcgamebenchmarks.com/gpu/geforce-gtx-460-v2
"Ryzen 7 PRO 5875U with Radeon Graphics",Unknown,2067,https://pcgamebenchmarks.com/gpu/ryzen-7-pro-5875u-with-radeon-graphics
"Radeon R9 M385",Mobile,2061,https://pcgamebenchmarks.com/gpu/radeon-r9-m385
"Radeon TM R9 A360",Unknown,2060,https://pcgamebenchmarks.com/gpu/radeon-tm-r9-a360
"Ryzen 3 Pro 4350G with Radeon Graphics",Unknown,2059,https://pcgamebenchmarks.com/gpu/ryzen-3-pro-4350g-with-radeon-graphics
"Radeon Ryzen 5 5500H",Unknown,2049,https://pcgamebenchmarks.com/gpu/radeon-ryzen-5-5500h
"Radeon Ryzen 5 5625U",Unknown,2048,https://pcgamebenchmarks.com/gpu/radeon-ryzen-5-5625u
"Radeon Ryzen 7 4700U",Unknown,2040,https://pcgamebenchmarks.com/gpu/radeon-ryzen-7-4700u
"Ryzen 7 4700U with Radeon Graphics",Unknown,2034,https://pcgamebenchmarks.com/gpu/ryzen-7-4700u-with-radeon-graphics
"Radeon Ryzen 5 Microsoft Surface Edition",Unknown,2032,https://pcgamebenchmarks.com/gpu/radeon-ryzen-5-microsoft-surface-edition
"Radeon Ryzen 5 5560U",Unknown,2031,https://pcgamebenchmarks.com/gpu/radeon-ryzen-5-5560u
"Ryzen 7 PRO 4750U with Radeon Graphics",Unknown,2030,https://pcgamebenchmarks.com/gpu/ryzen-7-pro-4750u-with-radeon-graphics
"Intel Iris Pro P580",Unknown,2026,https://pcgamebenchmarks.com/gpu/intel-iris-pro-p580
"Radeon Ryzen 5 5500U",Unknown,2018,https://pcgamebenchmarks.com/gpu/radeon-ryzen-5-5500u
"Radeon R9 350",Desktop,2016,https://pcgamebenchmarks.com/gpu/radeon-r9-350
"Ryzen 5 PRO 4500U with Radeon Graphics",Unknown,2008,https://pcgamebenchmarks.com/gpu/ryzen-5-pro-4500u-with-radeon-graphics
"GeForce GT 645",Unknown,2006,https://pcgamebenchmarks.com/gpu/geforce-gt-645
"Radeon Vega 8 Mobile Ryzen 5 3500U",Mobile,2006,https://pcgamebenchmarks.com/gpu/radeon-vega-8-mobile-ryzen-5-3500u
"GeForce GTX 765M",Mobile,2005,https://pcgamebenchmarks.com/gpu/geforce-gtx-765m
"Radeon Ryzen Embedded V2718",Unknown,1999,https://pcgamebenchmarks.com/gpu/radeon-ryzen-embedded-v2718
"Ryzen 5 5625U with Radeon Graphics",Unknown,1997,https://pcgamebenchmarks.com/gpu/ryzen-5-5625u-with-radeon-graphics
"Moore Threads S3000 MTvGPU-1132",Desktop,1997,https://pcgamebenchmarks.com/gpu/moore-threads-s3000-mtvgpu-1132
"Ryzen 5 PRO 5650U with Radeon Graphics",Unknown,1995,https://pcgamebenchmarks.com/gpu/ryzen-5-pro-5650u-with-radeon-graphics
"Radeon R9 M385X",Mobile,1994,https://pcgamebenchmarks.com/gpu/radeon-r9-m385x
"Ryzen 3 5300G with Radeon Graphics",Unknown,1992,https://pcgamebenchmarks.com/gpu/ryzen-3-5300g-with-radeon-graphics
"GeForce GTX 460 SE",Desktop,1992,https://pcgamebenchmarks.com/gpu/geforce-gtx-460-se
"Radeon Vega 11 Ryzen 5 PRO 3400G",Unknown,1987,https://pcgamebenchmarks.com/gpu/radeon-vega-11-ryzen-5-pro-3400g
"Radeon Ryzen 3 PRO 7335U",Unknown,1983,https://pcgamebenchmarks.com/gpu/radeon-ryzen-3-pro-7335u
"Ryzen 3 7335U with Radeon Graphics",Unknown,1980,https://pcgamebenchmarks.com/gpu/ryzen-3-7335u-with-radeon-graphics
"GeForce GTX 670MX",Mobile,1978,https://pcgamebenchmarks.com/gpu/geforce-gtx-670mx
"Intel Iris Pro 580",Unknown,1973,https://pcgamebenchmarks.com/gpu/intel-iris-pro-580
"Radeon RX Vega 11 Ryzen 5 3400GE",Unknown,1971,https://pcgamebenchmarks.com/gpu/radeon-rx-vega-11-ryzen-5-3400ge
"Ryzen 5 5500U with Radeon Graphics",Unknown,1971,https://pcgamebenchmarks.com/gpu/ryzen-5-5500u-with-radeon-graphics
"Radeon Ryzen 7 PRO 4750U",Unknown,1968,https://pcgamebenchmarks.com/gpu/radeon-ryzen-7-pro-4750u
"Ryzen 3 5300GE with Radeon Graphics",Unknown,1968,https://pcgamebenchmarks.com/gpu/ryzen-3-5300ge-with-radeon-graphics
"Intel Iris Xe MAX 100",Unknown,1965,https://pcgamebenchmarks.com/gpu/intel-iris-xe-max-100
"GeForce GTX 470M",Mobile,1953,https://pcgamebenchmarks.com/gpu/geforce-gtx-470m
"Radeon Ryzen 3 PRO 5355GE",Desktop,1952,https://pcgamebenchmarks.com/gpu/radeon-ryzen-3-pro-5355ge
"Radeon HD 5850",Desktop,1948,https://pcgamebenchmarks.com/gpu/radeon-hd-5850
"Radeon HD 6850",Desktop,1936,https://pcgamebenchmarks.com/gpu/radeon-hd-6850
"Ryzen 3 PRO 4350GE with Radeon Graphics",Unknown,1936,https://pcgamebenchmarks.com/gpu/ryzen-3-pro-4350ge-with-radeon-graphics
"Radeon RX 570X",Desktop,1923,https://pcgamebenchmarks.com/gpu/radeon-rx-570x
"RadeonT RX Vega 11",Unknown,1917,https://pcgamebenchmarks.com/gpu/radeont-rx-vega-11
"Radeon Vega 8 Ryzen 3 3200GE",Unknown,1916,https://pcgamebenchmarks.com/gpu/radeon-vega-8-ryzen-3-3200ge
"Moore Threads MTT S70",Desktop,1915,https://pcgamebenchmarks.com/gpu/moore-threads-mtt-s70
"Intel UHD Graphics 770",Unknown,1910,https://pcgamebenchmarks.com/gpu/intel-uhd-graphics-770
"Radeon Pro WX 4130",Mobile,1909,https://pcgamebenchmarks.com/gpu/radeon-pro-wx-4130
"Ryzen 5 PRO 7530U with Radeon Graphics",Unknown,1905,https://pcgamebenchmarks.com/gpu/ryzen-5-pro-7530u-with-radeon-graphics
"Radeon RX Vega 11 Ryzen 5 3350G",Unknown,1902,https://pcgamebenchmarks.com/gpu/radeon-rx-vega-11-ryzen-5-3350g
"Radeon HD 7700-serie",Unknown,1899,https://pcgamebenchmarks.com/gpu/radeon-hd-7700-serie
"Ryzen 5 4600U with Radeon Graphics",Unknown,1896,https://pcgamebenchmarks.com/gpu/ryzen-5-4600u-with-radeon-graphics
"Qualcomm Adreno X1-45 GPU",Desktop,1896,https://pcgamebenchmarks.com/gpu/qualcomm-adreno-x1-45-gpu
"RadeonT Vega 8",Unknown,1894,https://pcgamebenchmarks.com/gpu/radeont-vega-8
"Radeon Pro WX 2100",Mobile,1892,https://pcgamebenchmarks.com/gpu/radeon-pro-wx-2100
"Radeon R7 450",Desktop,1880,https://pcgamebenchmarks.com/gpu/radeon-r7-450
"GeForce GTX 645",Desktop,1877,https://pcgamebenchmarks.com/gpu/geforce-gtx-645
"Radeon Ryzen 5 PRO 5675U",Unknown,1875,https://pcgamebenchmarks.com/gpu/radeon-ryzen-5-pro-5675u
"Radeon RX 7500",Desktop,1873,https://pcgamebenchmarks.com/gpu/radeon-rx-7500
"Intel HD 5600",Unknown,1869,https://pcgamebenchmarks.com/gpu/intel-hd-5600
"Radeon Ryzen 9 7900 12-Core",Unknown,1866,https://pcgamebenchmarks.com/gpu/radeon-ryzen-9-7900-12-core
"Radeon Vega 11",Unknown,1866,https://pcgamebenchmarks.com/gpu/radeon-vega-11
"GeForce GTX 570M",Mobile,1861,https://pcgamebenchmarks.com/gpu/geforce-gtx-570m
"Ryzen 5 9600X 6-Core Processor",Unknown,1859,https://pcgamebenchmarks.com/gpu/ryzen-5-9600x-6-core-processor
"Intel Iris Xe MAX",Unknown,1858,https://pcgamebenchmarks.com/gpu/intel-iris-xe-max
"GeForce GTX 675M",Mobile,1857,https://pcgamebenchmarks.com/gpu/geforce-gtx-675m
"Radeon RX Vega 11 Ryzen 7 3750H",Unknown,1856,https://pcgamebenchmarks.com/gpu/radeon-rx-vega-11-ryzen-7-3750h
"GeForce 945A",Unknown,1852,https://pcgamebenchmarks.com/gpu/geforce-945a
"GeForce GTX 580M",Mobile,1851,https://pcgamebenchmarks.com/gpu/geforce-gtx-580m
"GeForce GTX 560 SE",Desktop,1847,https://pcgamebenchmarks.com/gpu/geforce-gtx-560-se
"Radeon RX Vega 10 Ryzen 7 3750H",Unknown,1846,https://pcgamebenchmarks.com/gpu/radeon-rx-vega-10-ryzen-7-3750h
"Radeon Ryzen 3 PRO 7330U",Unknown,1843,https://pcgamebenchmarks.com/gpu/radeon-ryzen-3-pro-7330u
"Embedded Radeon E9173",Unknown,1832,https://pcgamebenchmarks.com/gpu/embedded-radeon-e9173
"Ryzen 7 9800X3D 8-Core Processor",Unknown,1830,https://pcgamebenchmarks.com/gpu/ryzen-7-9800x3d-8-core-processor
"GeForce MX230",Mobile,1821,https://pcgamebenchmarks.com/gpu/geforce-mx230
"Radeon Vega 8 Ryzen 5 3550H",Unknown,1814,https://pcgamebenchmarks.com/gpu/radeon-vega-8-ryzen-5-3550h
"Radeon R9 M360",Unknown,1813,https://pcgamebenchmarks.com/gpu/radeon-r9-m360
"Matrox C900 PCIe x16",Unknown,1812,https://pcgamebenchmarks.com/gpu/matrox-c900-pcie-x16
"Radeon Vega 11 Ryzen 5 PRO 3350GE",Unknown,1811,https://pcgamebenchmarks.com/gpu/radeon-vega-11-ryzen-5-pro-3350ge
"Radeon 610M Ryzen 9 7945HX",Mobile,1810,https://pcgamebenchmarks.com/gpu/radeon-610m-ryzen-9-7945hx
"GeForce MX130",Unknown,1805,https://pcgamebenchmarks.com/gpu/geforce-mx130
"Ryzen 5 4500U with Radeon Graphics",Unknown,1805,https://pcgamebenchmarks.com/gpu/ryzen-5-4500u-with-radeon-graphics
"Matrox C680 PCIe x16",Unknown,1803,https://pcgamebenchmarks.com/gpu/matrox-c680-pcie-x16
"Radeon HD 8870M / R9 M270X / M370X",Mobile,1800,https://pcgamebenchmarks.com/gpu/radeon-hd-8870m-r9-m270x-m370x
"Ryzen 3 PRO 4200G with Radeon Graphics",Unknown,1799,https://pcgamebenchmarks.com/gpu/ryzen-3-pro-4200g-with-radeon-graphics
"Radeon Ryzen Embedded V2516",Unknown,1796,https://pcgamebenchmarks.com/gpu/radeon-ryzen-embedded-v2516
"Radeon R7 M465X",Unknown,1787,https://pcgamebenchmarks.com/gpu/radeon-r7-m465x
"Ryzen 3 PRO 5350GE with Radeon Graphics",Unknown,1786,https://pcgamebenchmarks.com/gpu/ryzen-3-pro-5350ge-with-radeon-graphics
"Radeon Ryzen 7 7700X 8-Core",Unknown,1786,https://pcgamebenchmarks.com/gpu/radeon-ryzen-7-7700x-8-core
"Intel Iris Plus",Unknown,1784,https://pcgamebenchmarks.com/gpu/intel-iris-plus
"Radeon RX Vega 11 Processor",Unknown,1783,https://pcgamebenchmarks.com/gpu/radeon-rx-vega-11-processor
"Intel UHD Graphics P630",Unknown,1779,https://pcgamebenchmarks.com/gpu/intel-uhd-graphics-p630
"Radeon RX Vega 10 Ryzen 5 3500U",Unknown,1778,https://pcgamebenchmarks.com/gpu/radeon-rx-vega-10-ryzen-5-3500u
"Ryzen 9 9950X 16-Core Processor",Unknown,1770,https://pcgamebenchmarks.com/gpu/ryzen-9-9950x-16-core-processor
"PCI\VEN_1002&DEV_164E&SUBSYS_D0001458&REV_C6 Ryzen",Unknown,1769,https://pcgamebenchmarks.com/gpu/pciven-1002dev-164esubsys-d0001458rev-c6-ryzen
"Radeon Ryzen 7 7800X3D 8-Core",Unknown,1766,https://pcgamebenchmarks.com/gpu/radeon-ryzen-7-7800x3d-8-core
"Radeon Ryzen 9 7900X3D 12-Core",Unknown,1764,https://pcgamebenchmarks.com/gpu/radeon-ryzen-9-7900x3d-12-core
"Radeon Vega 3 Mobile Ryzen 5 3500U",Desktop,1764,https://pcgamebenchmarks.com/gpu/radeon-vega-3-mobile-ryzen-5-3500u
"Intel UHD 770#0x1c005d839205d7e9#",Desktop,1759,https://pcgamebenchmarks.com/gpu/intel-uhd-7700x1c005d839205d7e9
"GeForce GTX 650",Desktop,1759,https://pcgamebenchmarks.com/gpu/geforce-gtx-650
"Intel Iris Plus 645",Unknown,1750,https://pcgamebenchmarks.com/gpu/intel-iris-plus-645
"Ryzen 3 PRO 4200GE with Radeon Graphics",Unknown,1748,https://pcgamebenchmarks.com/gpu/ryzen-3-pro-4200ge-with-radeon-graphics
"Radeon R9 M375X",Mobile,1746,https://pcgamebenchmarks.com/gpu/radeon-r9-m375x
"Radeon Ryzen Embedded R2544",Unknown,1743,https://pcgamebenchmarks.com/gpu/radeon-ryzen-embedded-r2544
"GeForce GTX 760M",Mobile,1742,https://pcgamebenchmarks.com/gpu/geforce-gtx-760m
"Radeon Ryzen 5 PRO 5655GE",Desktop,1741,https://pcgamebenchmarks.com/gpu/radeon-ryzen-5-pro-5655ge
"Intel Iris P555",Desktop,1737,https://pcgamebenchmarks.com/gpu/intel-iris-p555
"Ryzen 9 9900X 12-Core Processor",Unknown,1729,https://pcgamebenchmarks.com/gpu/ryzen-9-9900x-12-core-processor
"GeForce GT 755M",Mobile,1728,https://pcgamebenchmarks.com/gpu/geforce-gt-755m
"Radeon HD HD7850M",Mobile,1727,https://pcgamebenchmarks.com/gpu/radeon-hd-hd7850m
"Intel Iris Plus 655",Unknown,1727,https://pcgamebenchmarks.com/gpu/intel-iris-plus-655
"GeForce GTX 670M",Mobile,1725,https://pcgamebenchmarks.com/gpu/geforce-gtx-670m
"Radeon HD 5830",Desktop,1724,https://pcgamebenchmarks.com/gpu/radeon-hd-5830
"Radeon Ryzen 3 PRO 5475U",Unknown,1720,https://pcgamebenchmarks.com/gpu/radeon-ryzen-3-pro-5475u
"Ryzen 5 PRO 5675U with Radeon Graphics",Unknown,1720,https://pcgamebenchmarks.com/gpu/ryzen-5-pro-5675u-with-radeon-graphics
"PCI GDIHOOK5",Unknown,1703,https://pcgamebenchmarks.com/gpu/pci-gdihook5
"Radeon HD 7750",Desktop,1700,https://pcgamebenchmarks.com/gpu/radeon-hd-7750
"Ryzen 3 4300G with Radeon Graphics",Unknown,1700,https://pcgamebenchmarks.com/gpu/ryzen-3-4300g-with-radeon-graphics
"Radeon HD 6900M",Mobile,1695,https://pcgamebenchmarks.com/gpu/radeon-hd-6900m
"Ryzen 3 7330U with Radeon Graphics",Unknown,1693,https://pcgamebenchmarks.com/gpu/ryzen-3-7330u-with-radeon-graphics
"Intel UHD Graphics 750",Unknown,1692,https://pcgamebenchmarks.com/gpu/intel-uhd-graphics-750
"Ryzen 3 5425U with Radeon Graphics",Unknown,1691,https://pcgamebenchmarks.com/gpu/ryzen-3-5425u-with-radeon-graphics
"Radeon E8860",Unknown,1691,https://pcgamebenchmarks.com/gpu/radeon-e8860
"Ryzen 5 PRO 4650U with Radeon Graphics",Unknown,1690,https://pcgamebenchmarks.com/gpu/ryzen-5-pro-4650u-with-radeon-graphics
"Radeon Ryzen 5 7600 6-Core",Unknown,1685,https://pcgamebenchmarks.com/gpu/radeon-ryzen-5-7600-6-core
"PCI\VEN_1002&DEV_164E&SUBSYS_D0001458&REV_C2 Ryzen",Unknown,1681,https://pcgamebenchmarks.com/gpu/pciven-1002dev-164esubsys-d0001458rev-c2-ryzen
"Radeon Vega 8 Ryzen 3 3200G",Unknown,1676,https://pcgamebenchmarks.com/gpu/radeon-vega-8-ryzen-3-3200g
"Intel UHD Graphics P750",Unknown,1669,https://pcgamebenchmarks.com/gpu/intel-uhd-graphics-p750
"Radeon R7 M380",Unknown,1669,https://pcgamebenchmarks.com/gpu/radeon-r7-m380
"Radeon Ryzen 7 PRO 7745 8-Core",Unknown,1661,https://pcgamebenchmarks.com/gpu/radeon-ryzen-7-pro-7745-8-core
"Radeon 610M Ryzen 9 7945HX3D",Mobile,1660,https://pcgamebenchmarks.com/gpu/radeon-610m-ryzen-9-7945hx3d
"Radeon Ryzen 7 7700 8-Core",Unknown,1655,https://pcgamebenchmarks.com/gpu/radeon-ryzen-7-7700-8-core
"PCI\VEN_1002&DEV_164E&SUBSYS_D0001458&REV_C3 Ryzen",Unknown,1654,https://pcgamebenchmarks.com/gpu/pciven-1002dev-164esubsys-d0001458rev-c3-ryzen
"GeForce GTX 480M",Mobile,1653,https://pcgamebenchmarks.com/gpu/geforce-gtx-480m
"Radeon Ryzen 5 7600X3D 6-Core",Desktop,1643,https://pcgamebenchmarks.com/gpu/radeon-ryzen-5-7600x3d-6-core
"Radeon Ryzen 9 7950X3D 16-Core",Unknown,1640,https://pcgamebenchmarks.com/gpu/radeon-ryzen-9-7950x3d-16-core
"Radeon HD 8870M",Mobile,1638,https://pcgamebenchmarks.com/gpu/radeon-hd-8870m
"Radeon RX Vega 10",Unknown,1628,https://pcgamebenchmarks.com/gpu/radeon-rx-vega-10
"Radeon Ryzen 3 PRO 4355GE",Unknown,1622,https://pcgamebenchmarks.com/gpu/radeon-ryzen-3-pro-4355ge
"Radeon Vega 8 Ryzen 5 3580U",Desktop,1621,https://pcgamebenchmarks.com/gpu/radeon-vega-8-ryzen-5-3580u
"Ryzen 3 PRO 5450U with Radeon Graphics",Unknown,1617,https://pcgamebenchmarks.com/gpu/ryzen-3-pro-5450u-with-radeon-graphics
"Ryzen 7 2700U with Radeon Vega",Unknown,1617,https://pcgamebenchmarks.com/gpu/ryzen-7-2700u-with-radeon-vega
"Radeon Ryzen 5 PRO 7645 6-Core",Unknown,1616,https://pcgamebenchmarks.com/gpu/radeon-ryzen-5-pro-7645-6-core
"Radeon Ryzen 7 7745HX",Unknown,1614,https://pcgamebenchmarks.com/gpu/radeon-ryzen-7-7745hx
"Radeon Ryzen 9 5900H",Unknown,1610,https://pcgamebenchmarks.com/gpu/radeon-ryzen-9-5900h
"Radeon R9 M275X",Unknown,1609,https://pcgamebenchmarks.com/gpu/radeon-r9-m275x
"Radeon Ryzen 5 7600X 6-Core",Unknown,1608,https://pcgamebenchmarks.com/gpu/radeon-ryzen-5-7600x-6-core
"Radeon Ryzen 9 PRO 7945 12-Core",Unknown,1608,https://pcgamebenchmarks.com/gpu/radeon-ryzen-9-pro-7945-12-core
"Radeon RX Vega11 Ryzen 7 3750H",Unknown,1607,https://pcgamebenchmarks.com/gpu/radeon-rx-vega11-ryzen-7-3750h
"Radeon 540X",Unknown,1607,https://pcgamebenchmarks.com/gpu/radeon-540x
"Radeon RX Vega11",Unknown,1605,https://pcgamebenchmarks.com/gpu/radeon-rx-vega11
"Seria Radeon HD 7700",Unknown,1604,https://pcgamebenchmarks.com/gpu/seria-radeon-hd-7700
"GeForce GTX 555",Desktop,1604,https://pcgamebenchmarks.com/gpu/geforce-gtx-555
"Radeon 630",Unknown,1603,https://pcgamebenchmarks.com/gpu/radeon-630
"Ryzen 3 5400U with Radeon Graphics",Unknown,1602,https://pcgamebenchmarks.com/gpu/ryzen-3-5400u-with-radeon-graphics
"Radeon Ryzen 3 PRO 5450U",Unknown,1602,https://pcgamebenchmarks.com/gpu/radeon-ryzen-3-pro-5450u
"Intel Iris Plus 650",Mobile,1601,https://pcgamebenchmarks.com/gpu/intel-iris-plus-650
"Radeon 610M Ryzen 7 7840HX",Mobile,1600,https://pcgamebenchmarks.com/gpu/radeon-610m-ryzen-7-7840hx
"Radeon 610M Ryzen 9 7845HX",Mobile,1600,https://pcgamebenchmarks.com/gpu/radeon-610m-ryzen-9-7845hx
"Radeon 610M Ryzen 9 8940HX",Mobile,1600,https://pcgamebenchmarks.com/gpu/radeon-610m-ryzen-9-8940hx
"Radeon 610M Ryzen 9 8945HX",Mobile,1600,https://pcgamebenchmarks.com/gpu/radeon-610m-ryzen-9-8945hx
"Radeon RX 5700m 8GB 256 bit Ryzen 5 5600U",Unknown,1599,https://pcgamebenchmarks.com/gpu/radeon-rx-5700m-8gb-256-bit-ryzen-5-5600u
"Radeon 610M Ryzen 9 7940HX",Mobile,1594,https://pcgamebenchmarks.com/gpu/radeon-610m-ryzen-9-7940hx
"Radeon Ryzen 5 PRO 7445 6-Core",Desktop,1592,https://pcgamebenchmarks.com/gpu/radeon-ryzen-5-pro-7445-6-core
"Radeon Vega 9",Unknown,1588,https://pcgamebenchmarks.com/gpu/radeon-vega-9
"Intel Iris Pro P6300",Unknown,1582,https://pcgamebenchmarks.com/gpu/intel-iris-pro-p6300
"Radeon R9 M275X / M375",Mobile,1575,https://pcgamebenchmarks.com/gpu/radeon-r9-m275x-m375
"Radeon Athlon Gold PRO 4150GE",Unknown,1574,https://pcgamebenchmarks.com/gpu/radeon-athlon-gold-pro-4150ge
"Radeon R9 M370X",Mobile,1573,https://pcgamebenchmarks.com/gpu/radeon-r9-m370x
"Radeon HD 6790",Desktop,1568,https://pcgamebenchmarks.com/gpu/radeon-hd-6790
"Radeon Vega 8","Desktop, Mobile",1567,https://pcgamebenchmarks.com/gpu/radeon-vega-8
"GeForce GTX 550 Ti",Desktop,1559,https://pcgamebenchmarks.com/gpu/geforce-gtx-550-ti
"Radeon Ryzen 3 5425U",Unknown,1547,https://pcgamebenchmarks.com/gpu/radeon-ryzen-3-5425u
"Radeon Ryzen 3 7330U",Unknown,1547,https://pcgamebenchmarks.com/gpu/radeon-ryzen-3-7330u
"Radeon HD 4890",Desktop,1546,https://pcgamebenchmarks.com/gpu/radeon-hd-4890
"Ryzen 3 PRO 4300U with Radeon Graphics",Unknown,1543,https://pcgamebenchmarks.com/gpu/ryzen-3-pro-4300u-with-radeon-graphics
"Intel Iris Pro Graphics 6200",Unknown,1541,https://pcgamebenchmarks.com/gpu/intel-iris-pro-graphics-6200
"Intel UHD Graphics 730",Unknown,1541,https://pcgamebenchmarks.com/gpu/intel-uhd-graphics-730
"Radeon RX Vega 8",Unknown,1540,https://pcgamebenchmarks.com/gpu/radeon-rx-vega-8
"Ryzen 3 5300U with Radeon Graphics",Unknown,1539,https://pcgamebenchmarks.com/gpu/ryzen-3-5300u-with-radeon-graphics
"Radeon Vega 10 Mobile",Unknown,1535,https://pcgamebenchmarks.com/gpu/radeon-vega-10-mobile
"Radeon Vega 9 Ryzen 5 Microsoft Surface Edition",Unknown,1527,https://pcgamebenchmarks.com/gpu/radeon-vega-9-ryzen-5-microsoft-surface-edition
"Radeon Ryzen 3 5300U",Unknown,1523,https://pcgamebenchmarks.com/gpu/radeon-ryzen-3-5300u
"Intel UHD Graphics",Unknown,1518,https://pcgamebenchmarks.com/gpu/intel-uhd-graphics
"Radeon Vega 9 Ryzen 5 3550H",Unknown,1517,https://pcgamebenchmarks.com/gpu/radeon-vega-9-ryzen-5-3550h
"GeForce 940MX",Unknown,1510,https://pcgamebenchmarks.com/gpu/geforce-940mx
"Radeon HD 7870M",Mobile,1507,https://pcgamebenchmarks.com/gpu/radeon-hd-7870m
"Radeon Ryzen 5 7400 6-Core",Desktop,1506,https://pcgamebenchmarks.com/gpu/radeon-ryzen-5-7400-6-core
"Ryzen 5 2500U with Radeon Vega",Unknown,1503,https://pcgamebenchmarks.com/gpu/ryzen-5-2500u-with-radeon-vega
"Radeon Vega 10",Unknown,1501,https://pcgamebenchmarks.com/gpu/radeon-vega-10
"GeForce 845M",Mobile,1501,https://pcgamebenchmarks.com/gpu/geforce-845m
"Radeon RX Vega 6",Unknown,1492,https://pcgamebenchmarks.com/gpu/radeon-rx-vega-6
"Radeon RX Vega11 Ryzen 7 Microsoft Surface Edition",Unknown,1488,https://pcgamebenchmarks.com/gpu/radeon-rx-vega11-ryzen-7-microsoft-surface-edition
"Radeon R9 M365X",Mobile,1482,https://pcgamebenchmarks.com/gpu/radeon-r9-m365x
"Radeon 550X",Unknown,1480,https://pcgamebenchmarks.com/gpu/radeon-550x
"GeForce GTX 285",Desktop,1477,https://pcgamebenchmarks.com/gpu/geforce-gtx-285
"Radeon RX Vega 10 Ryzen 7 3700U",Unknown,1471,https://pcgamebenchmarks.com/gpu/radeon-rx-vega-10-ryzen-7-3700u
"Ryzen 3 PRO 4450U with Radeon Graphics",Unknown,1461,https://pcgamebenchmarks.com/gpu/ryzen-3-pro-4450u-with-radeon-graphics
"Radeon 540",Unknown,1459,https://pcgamebenchmarks.com/gpu/radeon-540
"Intel Iris 550",Unknown,1451,https://pcgamebenchmarks.com/gpu/intel-iris-550
"GeForce GTX 660M",Mobile,1448,https://pcgamebenchmarks.com/gpu/geforce-gtx-660m
"Radeon Vega 8 Mobile",Unknown,1448,https://pcgamebenchmarks.com/gpu/radeon-vega-8-mobile
"Ryzen 5 PRO 4400GE with Radeon Graphics",Unknown,1442,https://pcgamebenchmarks.com/gpu/ryzen-5-pro-4400ge-with-radeon-graphics
"Radeon Ryzen Embedded V2546",Desktop,1435,https://pcgamebenchmarks.com/gpu/radeon-ryzen-embedded-v2546
"Intel Iris 650",Unknown,1433,https://pcgamebenchmarks.com/gpu/intel-iris-650
"Ryzen 3 PRO 5475U with Radeon Graphics",Unknown,1432,https://pcgamebenchmarks.com/gpu/ryzen-3-pro-5475u-with-radeon-graphics
"GeForce GT 740",Desktop,1427,https://pcgamebenchmarks.com/gpu/geforce-gt-740
"Radeon Vega 6 Ryzen 3 3350U",Unknown,1420,https://pcgamebenchmarks.com/gpu/radeon-vega-6-ryzen-3-3350u
"Radeon R7 M370",Mobile,1418,https://pcgamebenchmarks.com/gpu/radeon-r7-m370
"GeForce MX110",Unknown,1412,https://pcgamebenchmarks.com/gpu/geforce-mx110
"Radeon Vega 8 Ryzen 3 PRO 3200G",Unknown,1410,https://pcgamebenchmarks.com/gpu/radeon-vega-8-ryzen-3-pro-3200g
"Radeon Vega 8 Ryzen 5 3500C",Desktop,1410,https://pcgamebenchmarks.com/gpu/radeon-vega-8-ryzen-5-3500c
"Radeon R9 255",Desktop,1391,https://pcgamebenchmarks.com/gpu/radeon-r9-255
"Radeon Ryzen Embedded R2514",Unknown,1387,https://pcgamebenchmarks.com/gpu/radeon-ryzen-embedded-r2514
"Radeon HD 4870",Desktop,1386,https://pcgamebenchmarks.com/gpu/radeon-hd-4870
"Radeon HD 7850M",Mobile,1373,https://pcgamebenchmarks.com/gpu/radeon-hd-7850m
"Ryzen 3 4300U with Radeon Graphics",Unknown,1368,https://pcgamebenchmarks.com/gpu/ryzen-3-4300u-with-radeon-graphics
"Intel Iris Plus 640",Mobile,1358,https://pcgamebenchmarks.com/gpu/intel-iris-plus-640
"Radeon Vega 8 Ryzen 5 3500U",Unknown,1357,https://pcgamebenchmarks.com/gpu/radeon-vega-8-ryzen-5-3500u
"GeForce GTX 275",Desktop,1354,https://pcgamebenchmarks.com/gpu/geforce-gtx-275
"Radeon HD 5770",Desktop,1348,https://pcgamebenchmarks.com/gpu/radeon-hd-5770
"GeForce GTS 450",Desktop,1344,https://pcgamebenchmarks.com/gpu/geforce-gts-450
"Radeon Vega 6 Ryzen 3 3300U",Unknown,1344,https://pcgamebenchmarks.com/gpu/radeon-vega-6-ryzen-3-3300u
"FireStream 9270",Workstation,1341,https://pcgamebenchmarks.com/gpu/firestream-9270
"Radeon 610M Ryzen 7 8745HX",Mobile,1336,https://pcgamebenchmarks.com/gpu/radeon-610m-ryzen-7-8745hx
"GeForce GT 750M",Mobile,1331,https://pcgamebenchmarks.com/gpu/geforce-gt-750m
"Radeon Vega 6",Unknown,1310,https://pcgamebenchmarks.com/gpu/radeon-vega-6
"Radeon Vega 8 Ryzen 5 3450U",Unknown,1310,https://pcgamebenchmarks.com/gpu/radeon-vega-8-ryzen-5-3450u
"Radeon HD 4870 X2",Desktop,1309,https://pcgamebenchmarks.com/gpu/radeon-hd-4870-x2
"Radeon HD 8790M",Mobile,1306,https://pcgamebenchmarks.com/gpu/radeon-hd-8790m
"GeForce GTX 280",Desktop,1285,https://pcgamebenchmarks.com/gpu/geforce-gtx-280
"Intel HD P630",Unknown,1283,https://pcgamebenchmarks.com/gpu/intel-hd-p630
"Radeon R7 A370",Unknown,1281,https://pcgamebenchmarks.com/gpu/radeon-r7-a370
"GeForce GTX 560M",Mobile,1280,https://pcgamebenchmarks.com/gpu/geforce-gtx-560m
"Radeon HD 6770",Desktop,1277,https://pcgamebenchmarks.com/gpu/radeon-hd-6770
"GeForce 930MX",Mobile,1276,https://pcgamebenchmarks.com/gpu/geforce-930mx
"Intel Iris 540",Unknown,1275,https://pcgamebenchmarks.com/gpu/intel-iris-540
"Ryzen3 5300U Ryzen 3 5300U",Unknown,1268,https://pcgamebenchmarks.com/gpu/ryzen3-5300u-ryzen-3-5300u
"Radeon with 3 5300U Ryzen 3 5300U",Unknown,1266,https://pcgamebenchmarks.com/gpu/radeon-with-3-5300u-ryzen-3-5300u
"Radeon Ryzen 5 3550H",Desktop,1249,https://pcgamebenchmarks.com/gpu/radeon-ryzen-5-3550h
"GeForce GT 745A",Unknown,1234,https://pcgamebenchmarks.com/gpu/geforce-gt-745a
"Radeon 610M",Mobile,1231,https://pcgamebenchmarks.com/gpu/radeon-610m
"Intel UHD Graphics 630",Unknown,1228,https://pcgamebenchmarks.com/gpu/intel-uhd-graphics-630
"GeForce GTX 295",Desktop,1220,https://pcgamebenchmarks.com/gpu/geforce-gtx-295
"GeForce 930A",Unknown,1218,https://pcgamebenchmarks.com/gpu/geforce-930a
"GeForce GTX 460M",Mobile,1218,https://pcgamebenchmarks.com/gpu/geforce-gtx-460m
"Radeon HD 8790M / R9 M290X",Mobile,1211,https://pcgamebenchmarks.com/gpu/radeon-hd-8790m-r9-m290x
N16P-GX,Unknown,1205,https://pcgamebenchmarks.com/gpu/n16p-gx
"Radeon R9 M270X",Mobile,1204,https://pcgamebenchmarks.com/gpu/radeon-r9-m270x
"GeForce GTX 260",Desktop,1202,https://pcgamebenchmarks.com/gpu/geforce-gtx-260
"Radeon R7 +8G",Unknown,1191,https://pcgamebenchmarks.com/gpu/radeon-r7-8g
"Radeon HD 7750M",Mobile,1191,https://pcgamebenchmarks.com/gpu/radeon-hd-7750m
"GeForce GT 650M",Mobile,1182,https://pcgamebenchmarks.com/gpu/geforce-gt-650m
"Radeon HD 5750",Desktop,1174,https://pcgamebenchmarks.com/gpu/radeon-hd-5750
"Intel Iris Pro 5200",Unknown,1173,https://pcgamebenchmarks.com/gpu/intel-iris-pro-5200
"GeForce 830A",Unknown,1173,https://pcgamebenchmarks.com/gpu/geforce-830a
"Radeon R9 M265X",Mobile,1173,https://pcgamebenchmarks.com/gpu/radeon-r9-m265x
"Radeon RX Vega 10 Ryzen 7 3700C",Desktop,1166,https://pcgamebenchmarks.com/gpu/radeon-rx-vega-10-ryzen-7-3700c
"FireStream 9250",Workstation,1165,https://pcgamebenchmarks.com/gpu/firestream-9250
"GeForce GT 640",Desktop,1165,https://pcgamebenchmarks.com/gpu/geforce-gt-640
"Radeon HD 7730",Desktop,1163,https://pcgamebenchmarks.com/gpu/radeon-hd-7730
"Intel Coffee Lake UHD",Unknown,1158,https://pcgamebenchmarks.com/gpu/intel-coffee-lake-uhd
"GeForce GPU",Mobile,1154,https://pcgamebenchmarks.com/gpu/geforce-gpu
"Intel HD P530",Unknown,1153,https://pcgamebenchmarks.com/gpu/intel-hd-p530
"NVS 810",Unknown,1147,https://pcgamebenchmarks.com/gpu/nvs-810
"Radeon R7 A8-7690K",Unknown,1141,https://pcgamebenchmarks.com/gpu/radeon-r7-a8-7690k
"Radeon HD 8850M / R9 M265X",Mobile,1140,https://pcgamebenchmarks.com/gpu/radeon-hd-8850m-r9-m265x
"Radeon Ryzen 7 3700U",Unknown,1136,https://pcgamebenchmarks.com/gpu/radeon-ryzen-7-3700u
"Radeon HD 4850 X2",Desktop,1132,https://pcgamebenchmarks.com/gpu/radeon-hd-4850-x2
"GeForce 940M",Mobile,1132,https://pcgamebenchmarks.com/gpu/geforce-940m
"Radeon Ryzen 5 3450U",Unknown,1120,https://pcgamebenchmarks.com/gpu/radeon-ryzen-5-3450u
"GeForce GT 545",Unknown,1119,https://pcgamebenchmarks.com/gpu/geforce-gt-545
"Radeon R9 M275",Mobile,1115,https://pcgamebenchmarks.com/gpu/radeon-r9-m275
"GeForce 940A",Unknown,1114,https://pcgamebenchmarks.com/gpu/geforce-940a
"Intel HD 630",Unknown,1110,https://pcgamebenchmarks.com/gpu/intel-hd-630
"Radeon Ryzen 3 3300U",Desktop,1108,https://pcgamebenchmarks.com/gpu/radeon-ryzen-3-3300u
"Radeon Ryzen Embedded R2314",Unknown,1107,https://pcgamebenchmarks.com/gpu/radeon-ryzen-embedded-r2314
"Radeon R7 M465",Unknown,1099,https://pcgamebenchmarks.com/gpu/radeon-r7-m465
"GeForce 840M",Mobile,1099,https://pcgamebenchmarks.com/gpu/geforce-840m
"GeForce GTX 850M - MODDED",Mobile,1092,https://pcgamebenchmarks.com/gpu/geforce-gtx-850m-modded
"Radeon Vega 3 Athlon Gold 3150G",Unknown,1089,https://pcgamebenchmarks.com/gpu/radeon-vega-3-athlon-gold-3150g
"Radeon R7 430",Unknown,1086,https://pcgamebenchmarks.com/gpu/radeon-r7-430
"GeForce 840A",Unknown,1082,https://pcgamebenchmarks.com/gpu/geforce-840a
MIRRORV3,Unknown,1081,https://pcgamebenchmarks.com/gpu/mirrorv3
"GeForce GT 745M",Mobile,1078,https://pcgamebenchmarks.com/gpu/geforce-gt-745m
"Radeon R7 M350",Unknown,1076,https://pcgamebenchmarks.com/gpu/radeon-r7-m350
"Mobility Radeon HD 5870",Mobile,1075,https://pcgamebenchmarks.com/gpu/mobility-radeon-hd-5870
"Radeon R7 M460",Unknown,1074,https://pcgamebenchmarks.com/gpu/radeon-r7-m460
"Radeon 625",Unknown,1073,https://pcgamebenchmarks.com/gpu/radeon-625
"GeForce GTX 760A",Unknown,1071,https://pcgamebenchmarks.com/gpu/geforce-gtx-760a
"RadeonT 610M",Mobile,1066,https://pcgamebenchmarks.com/gpu/radeont-610m
"Radeon HD 8750M",Mobile,1061,https://pcgamebenchmarks.com/gpu/radeon-hd-8750m
"GeForce 920MX",Unknown,1060,https://pcgamebenchmarks.com/gpu/geforce-920mx
"Radeon R7 A10-7870K",Unknown,1054,https://pcgamebenchmarks.com/gpu/radeon-r7-a10-7870k
"Radeon Vega 3 Mobile",Unknown,1053,https://pcgamebenchmarks.com/gpu/radeon-vega-3-mobile
"OPAL XT/GL",Unknown,1053,https://pcgamebenchmarks.com/gpu/opal-xtgl
"Radeon R7 250",Desktop,1052,https://pcgamebenchmarks.com/gpu/radeon-r7-250
"Intel UHD Graphics 710",Unknown,1050,https://pcgamebenchmarks.com/gpu/intel-uhd-graphics-710
"Radeon HD 7670A",Unknown,1050,https://pcgamebenchmarks.com/gpu/radeon-hd-7670a
"Radeon 535",Unknown,1046,https://pcgamebenchmarks.com/gpu/radeon-535
"Intel UHD Graphics 620",Desktop,1042,https://pcgamebenchmarks.com/gpu/intel-uhd-graphics-620
"Radeon HD 6750",Desktop,1038,https://pcgamebenchmarks.com/gpu/radeon-hd-6750
"Radeon 530",Unknown,1035,https://pcgamebenchmarks.com/gpu/radeon-530
"Radeon HD 8600/8700M",Mobile,1030,https://pcgamebenchmarks.com/gpu/radeon-hd-86008700m
"Radeon R9 A375",Unknown,1024,https://pcgamebenchmarks.com/gpu/radeon-r9-a375
"Radeon HD 6700M",Mobile,1017,https://pcgamebenchmarks.com/gpu/radeon-hd-6700m
"GeForce 930M",Mobile,1012,https://pcgamebenchmarks.com/gpu/geforce-930m
"Radeon HD 7690M XT",Mobile,1009,https://pcgamebenchmarks.com/gpu/radeon-hd-7690m-xt
"Radeon R7 M260X",Mobile,1009,https://pcgamebenchmarks.com/gpu/radeon-r7-m260x
"Sharing Monitor",Desktop,1007,https://pcgamebenchmarks.com/gpu/sharing-monitor
"Glenfly Arise-GT-10C0",Desktop,1007,https://pcgamebenchmarks.com/gpu/glenfly-arise-gt-10c0
"Radeon R9 M375",Mobile,1005,https://pcgamebenchmarks.com/gpu/radeon-r9-m375
"Radeon R7 A10-7890K",Unknown,999,https://pcgamebenchmarks.com/gpu/radeon-r7-a10-7890k
"Radeon R7 A265",Unknown,994,https://pcgamebenchmarks.com/gpu/radeon-r7-a265
"Radeon Vega 3 Athlon 300GE",Unknown,994,https://pcgamebenchmarks.com/gpu/radeon-vega-3-athlon-300ge
"Intel HD 530",Unknown,990,https://pcgamebenchmarks.com/gpu/intel-hd-530
"Radeon HD 8690M",Mobile,984,https://pcgamebenchmarks.com/gpu/radeon-hd-8690m
"Radeon R7 PRO A8-8670E",Unknown,978,https://pcgamebenchmarks.com/gpu/radeon-r7-pro-a8-8670e
"Radeon R7 PRO A12-8870",Unknown,974,https://pcgamebenchmarks.com/gpu/radeon-r7-pro-a12-8870
"Radeon HD 8850M",Mobile,973,https://pcgamebenchmarks.com/gpu/radeon-hd-8850m
"GeForce GT 1010",Unknown,972,https://pcgamebenchmarks.com/gpu/geforce-gt-1010
"Radeon R7 PRO A12-9800E",Unknown,968,https://pcgamebenchmarks.com/gpu/radeon-r7-pro-a12-9800e
"Radeon HD 6770M",Mobile,964,https://pcgamebenchmarks.com/gpu/radeon-hd-6770m
"Radeon R7 M270DX",Unknown,962,https://pcgamebenchmarks.com/gpu/radeon-r7-m270dx
"Radeon 620",Unknown,954,https://pcgamebenchmarks.com/gpu/radeon-620
"Radeon R7 340",Unknown,953,https://pcgamebenchmarks.com/gpu/radeon-r7-340
"Radeon R7 M445",Unknown,953,https://pcgamebenchmarks.com/gpu/radeon-r7-m445
"Radeon Vega 3 Athlon 3000G",Unknown,948,https://pcgamebenchmarks.com/gpu/radeon-vega-3-athlon-3000g
"Radeon HD 4850",Desktop,947,https://pcgamebenchmarks.com/gpu/radeon-hd-4850
"Radeon HD 6670/7670",Unknown,946,https://pcgamebenchmarks.com/gpu/radeon-hd-66707670
"GeForce GT 645M",Mobile,945,https://pcgamebenchmarks.com/gpu/geforce-gt-645m
"Radeon R7 PRO A12-9800",Unknown,940,https://pcgamebenchmarks.com/gpu/radeon-r7-pro-a12-9800
"Radeon HD 8570",Desktop,940,https://pcgamebenchmarks.com/gpu/radeon-hd-8570
"Radeon HD 6750M",Mobile,937,https://pcgamebenchmarks.com/gpu/radeon-hd-6750m
"Intel Iris Pro 6100",Unknown,925,https://pcgamebenchmarks.com/gpu/intel-iris-pro-6100
"Radeon R7 A10-7850K",Desktop,922,https://pcgamebenchmarks.com/gpu/radeon-r7-a10-7850k
"Radeon R7 PRO A10-9700E",Unknown,920,https://pcgamebenchmarks.com/gpu/radeon-r7-pro-a10-9700e
"Radeon Vega 3 Athlon Gold PRO 3150GE",Unknown,920,https://pcgamebenchmarks.com/gpu/radeon-vega-3-athlon-gold-pro-3150ge
"Intel HD Graphics 620",Unknown,919,https://pcgamebenchmarks.com/gpu/intel-hd-graphics-620
"Radeon 6750M",Mobile,911,https://pcgamebenchmarks.com/gpu/radeon-6750m
"Radeon HD 4770",Desktop,909,https://pcgamebenchmarks.com/gpu/radeon-hd-4770
"Radeon RX Vega 6 Ryzen 3 3200U",Unknown,906,https://pcgamebenchmarks.com/gpu/radeon-rx-vega-6-ryzen-3-3200u
"Radeon R7 240",Desktop,904,https://pcgamebenchmarks.com/gpu/radeon-r7-240
"Radeon R7 M440",Unknown,903,https://pcgamebenchmarks.com/gpu/radeon-r7-m440
"Intel Iris 6100",Unknown,900,https://pcgamebenchmarks.com/gpu/intel-iris-6100
"Radeon Vega 3",Unknown,892,https://pcgamebenchmarks.com/gpu/radeon-vega-3
"Radeon R7 PRO A10-8770",Unknown,888,https://pcgamebenchmarks.com/gpu/radeon-r7-pro-a10-8770
"GeForce GT 640M",Mobile,887,https://pcgamebenchmarks.com/gpu/geforce-gt-640m
"Radeon R5 430",Unknown,884,https://pcgamebenchmarks.com/gpu/radeon-r5-430
"Radeon 520",Unknown,882,https://pcgamebenchmarks.com/gpu/radeon-520
"Intel HD 6000",Unknown,877,https://pcgamebenchmarks.com/gpu/intel-hd-6000
"Radeon R7 PRO A12-8870E",Unknown,875,https://pcgamebenchmarks.com/gpu/radeon-r7-pro-a12-8870e
"Radeon R7 A10-7860K",Unknown,871,https://pcgamebenchmarks.com/gpu/radeon-r7-a10-7860k
"Radeon R7 G",Unknown,870,https://pcgamebenchmarks.com/gpu/radeon-r7-g
"Radeon R5 M435",Unknown,869,https://pcgamebenchmarks.com/gpu/radeon-r5-m435
"Mobility Radeon HD 4850",Mobile,866,https://pcgamebenchmarks.com/gpu/mobility-radeon-hd-4850
"Radeon HD 4830",Desktop,866,https://pcgamebenchmarks.com/gpu/radeon-hd-4830
"Intel HD 520",Unknown,860,https://pcgamebenchmarks.com/gpu/intel-hd-520
"Radeon R5 340",Unknown,857,https://pcgamebenchmarks.com/gpu/radeon-r5-340
"Radeon R7 A10-8750",Unknown,856,https://pcgamebenchmarks.com/gpu/radeon-r7-a10-8750
"Radeon HD 8500M/8700M",Mobile,853,https://pcgamebenchmarks.com/gpu/radeon-hd-8500m8700m
"Radeon E6760",Unknown,850,https://pcgamebenchmarks.com/gpu/radeon-e6760
"Radeon R7 A8-7670K",Unknown,847,https://pcgamebenchmarks.com/gpu/radeon-r7-a8-7670k
"Radeon R7 M365X",Unknown,842,https://pcgamebenchmarks.com/gpu/radeon-r7-m365x
"Radeon Vega 3 Ryzen 3 3200U",Unknown,841,https://pcgamebenchmarks.com/gpu/radeon-vega-3-ryzen-3-3200u
"FireGL V8600",Workstation,839,https://pcgamebenchmarks.com/gpu/firegl-v8600
"Radeon Vega 3 Athlon Gold PRO 3150G",Desktop,837,https://pcgamebenchmarks.com/gpu/radeon-vega-3-athlon-gold-pro-3150g
"Radeon R7 PRO A8-9600",Unknown,837,https://pcgamebenchmarks.com/gpu/radeon-r7-pro-a8-9600
"Radeon HD 6650A",Unknown,836,https://pcgamebenchmarks.com/gpu/radeon-hd-6650a
"Radeon HD 8730M",Mobile,835,https://pcgamebenchmarks.com/gpu/radeon-hd-8730m
"Radeon HD 7690M",Mobile,832,https://pcgamebenchmarks.com/gpu/radeon-hd-7690m
"Intel HD 5200",Unknown,830,https://pcgamebenchmarks.com/gpu/intel-hd-5200
"GeForce GT 730",Desktop,824,https://pcgamebenchmarks.com/gpu/geforce-gt-730
"Radeon HD 3850 X2",Desktop,822,https://pcgamebenchmarks.com/gpu/radeon-hd-3850-x2
"Radeon R7 FX-8800P",Unknown,820,https://pcgamebenchmarks.com/gpu/radeon-r7-fx-8800p
"Radeon R7 PRO A10-9700",Unknown,818,https://pcgamebenchmarks.com/gpu/radeon-r7-pro-a10-9700
"GeForce 920A",Unknown,818,https://pcgamebenchmarks.com/gpu/geforce-920a
"Radeon R7 M260DX",Unknown,817,https://pcgamebenchmarks.com/gpu/radeon-r7-m260dx
"Radeon Ryzen 3 3200U",Desktop,816,https://pcgamebenchmarks.com/gpu/radeon-ryzen-3-3200u
"Intel UHD Graphics 617",Unknown,815,https://pcgamebenchmarks.com/gpu/intel-uhd-graphics-617
"Radeon R9 M280X",Mobile,814,https://pcgamebenchmarks.com/gpu/radeon-r9-m280x
"Radeon Vega 3 Athlon 300U",Unknown,814,https://pcgamebenchmarks.com/gpu/radeon-vega-3-athlon-300u
"Radeon R7 A8-7500",Unknown,811,https://pcgamebenchmarks.com/gpu/radeon-r7-a8-7500
"GeForce GT 635",Unknown,811,https://pcgamebenchmarks.com/gpu/geforce-gt-635
"GeForce GT 730M",Mobile,806,https://pcgamebenchmarks.com/gpu/geforce-gt-730m
"Radeon R7 A10 Extreme Edition",Unknown,806,https://pcgamebenchmarks.com/gpu/radeon-r7-a10-extreme-edition
"Radeon Vega 3 Athlon Silver 3050U",Unknown,806,https://pcgamebenchmarks.com/gpu/radeon-vega-3-athlon-silver-3050u
"Radeon Ryzen 3 3500U",Desktop,803,https://pcgamebenchmarks.com/gpu/radeon-ryzen-3-3500u
"Radeon HD 7670",Desktop,803,https://pcgamebenchmarks.com/gpu/radeon-hd-7670
"Radeon HD 5670",Desktop,799,https://pcgamebenchmarks.com/gpu/radeon-hd-5670
"Radeon R8 M445DX",Unknown,797,https://pcgamebenchmarks.com/gpu/radeon-r8-m445dx
"Radeon R7 PRO A10-8770E",Unknown,790,https://pcgamebenchmarks.com/gpu/radeon-r7-pro-a10-8770e
"GeForce GT 445M",Mobile,790,https://pcgamebenchmarks.com/gpu/geforce-gt-445m
"Intel UHD 770",Desktop,790,https://pcgamebenchmarks.com/gpu/intel-uhd-770
"Radeon HD 7730M",Mobile,786,https://pcgamebenchmarks.com/gpu/radeon-hd-7730m
"Radeon Ryzen 3 3250U",Unknown,785,https://pcgamebenchmarks.com/gpu/radeon-ryzen-3-3250u
"Radeon R7 A365",Unknown,781,https://pcgamebenchmarks.com/gpu/radeon-r7-a365
"Radeon R7 M270",Unknown,780,https://pcgamebenchmarks.com/gpu/radeon-r7-m270
"Radeon R7 A8-7680",Unknown,778,https://pcgamebenchmarks.com/gpu/radeon-r7-a8-7680
"GeForce GT 740M",Mobile,777,https://pcgamebenchmarks.com/gpu/geforce-gt-740m
"Radeon HD 4810",Desktop,775,https://pcgamebenchmarks.com/gpu/radeon-hd-4810
"Radeon Athlon Gold 3150U",Unknown,773,https://pcgamebenchmarks.com/gpu/radeon-athlon-gold-3150u
"Radeon HD 6650M",Mobile,773,https://pcgamebenchmarks.com/gpu/radeon-hd-6650m
"Radeon R7 A10-8850",Unknown,773,https://pcgamebenchmarks.com/gpu/radeon-r7-a10-8850
"Mobility Radeon HD 5000",Unknown,773,https://pcgamebenchmarks.com/gpu/mobility-radeon-hd-5000
"Radeon 535DX",Unknown,771,https://pcgamebenchmarks.com/gpu/radeon-535dx
"Radeon R7 A8-7600",Unknown,770,https://pcgamebenchmarks.com/gpu/radeon-r7-a8-7600
"GeForce 9800 GTX",Desktop,769,https://pcgamebenchmarks.com/gpu/geforce-9800-gtx
"GeForce GT 440",Desktop,768,https://pcgamebenchmarks.com/gpu/geforce-gt-440
"Radeon R7 A10-7700K",Unknown,767,https://pcgamebenchmarks.com/gpu/radeon-r7-a10-7700k
"GeForce GTX 850A",Unknown,767,https://pcgamebenchmarks.com/gpu/geforce-gtx-850a
"GeForce 730A",Unknown,765,https://pcgamebenchmarks.com/gpu/geforce-730a
"Mobility Radeon HD 5850",Mobile,763,https://pcgamebenchmarks.com/gpu/mobility-radeon-hd-5850
"Radeon R5 435",Unknown,762,https://pcgamebenchmarks.com/gpu/radeon-r5-435
"Radeon R7 A8-7650K",Unknown,761,https://pcgamebenchmarks.com/gpu/radeon-r7-a8-7650k
"GeForce 825M",Mobile,761,https://pcgamebenchmarks.com/gpu/geforce-825m
"Radeon Ryzen Embedded R2312",Desktop,755,https://pcgamebenchmarks.com/gpu/radeon-ryzen-embedded-r2312
"IncrediblE HD 4600",Unknown,750,https://pcgamebenchmarks.com/gpu/incredible-hd-4600
"Radeon M535DX",Unknown,750,https://pcgamebenchmarks.com/gpu/radeon-m535dx
"Radeon HD 6800M",Mobile,749,https://pcgamebenchmarks.com/gpu/radeon-hd-6800m
"GeForce GT 730A",Unknown,743,https://pcgamebenchmarks.com/gpu/geforce-gt-730a
"RadeonT Athlon Silver 3050e",Desktop,742,https://pcgamebenchmarks.com/gpu/radeont-athlon-silver-3050e
"Radeon Vega 3 Athlon 320GE",Unknown,741,https://pcgamebenchmarks.com/gpu/radeon-vega-3-athlon-320ge
"Intel Poison Ivy",Unknown,739,https://pcgamebenchmarks.com/gpu/intel-poison-ivy
"GeForce GT 340",Desktop,738,https://pcgamebenchmarks.com/gpu/geforce-gt-340
"Radeon R7 A10-7800",Unknown,738,https://pcgamebenchmarks.com/gpu/radeon-r7-a10-7800
"Intel Iris 5100",Unknown,733,https://pcgamebenchmarks.com/gpu/intel-iris-5100
"Radeon HD 6670",Desktop,731,https://pcgamebenchmarks.com/gpu/radeon-hd-6670
"Radeon Vega 3 Ryzen Embedded R1505G",Unknown,731,https://pcgamebenchmarks.com/gpu/radeon-vega-3-ryzen-embedded-r1505g
"Radeon HD 7550M/7650M",Mobile,729,https://pcgamebenchmarks.com/gpu/radeon-hd-7550m7650m
"Asus GTX 650 FML II EC-EGPU",Unknown,721,https://pcgamebenchmarks.com/gpu/asus-gtx-650-fml-ii-ec-egpu
"Mobility Radeon HD 4870",Mobile,720,https://pcgamebenchmarks.com/gpu/mobility-radeon-hd-4870
"Radeon R7 A8-8650",Unknown,719,https://pcgamebenchmarks.com/gpu/radeon-r7-a8-8650
"Intel UHD Graphics 615",Unknown,718,https://pcgamebenchmarks.com/gpu/intel-uhd-graphics-615
"GeForce 920M",Mobile,716,https://pcgamebenchmarks.com/gpu/geforce-920m
"GeForce GT 740A",Unknown,710,https://pcgamebenchmarks.com/gpu/geforce-gt-740a
"Radeon HD 6550A",Unknown,708,https://pcgamebenchmarks.com/gpu/radeon-hd-6550a
"Radeon HD 7570M/HD 7670M",Mobile,699,https://pcgamebenchmarks.com/gpu/radeon-hd-7570mhd-7670m
"GeForce GT 640M LE",Mobile,689,https://pcgamebenchmarks.com/gpu/geforce-gt-640m-le
"Intel HD 615",Unknown,689,https://pcgamebenchmarks.com/gpu/intel-hd-615
"Radeon Vega 3 Ryzen 3 3250U",Unknown,688,https://pcgamebenchmarks.com/gpu/radeon-vega-3-ryzen-3-3250u
"GeForce GT 630",Desktop,686,https://pcgamebenchmarks.com/gpu/geforce-gt-630
"Radeon HD 6630M",Mobile,685,https://pcgamebenchmarks.com/gpu/radeon-hd-6630m
"Intel UHD Graphics 610",Unknown,685,https://pcgamebenchmarks.com/gpu/intel-uhd-graphics-610
"GeForce GTS 160M",Mobile,679,https://pcgamebenchmarks.com/gpu/geforce-gts-160m
"NVS 510",Workstation,677,https://pcgamebenchmarks.com/gpu/nvs-510
"Radeon Athlon Silver 3050U",Unknown,677,https://pcgamebenchmarks.com/gpu/radeon-athlon-silver-3050u
"Intel HD 610",Unknown,674,https://pcgamebenchmarks.com/gpu/intel-hd-610
"Radeon Vega 3 Athlon Gold 3150U",Unknown,672,https://pcgamebenchmarks.com/gpu/radeon-vega-3-athlon-gold-3150u
"Radeon R5 A6-7480",Unknown,672,https://pcgamebenchmarks.com/gpu/radeon-r5-a6-7480
"Radeon R8 M535DX",Unknown,670,https://pcgamebenchmarks.com/gpu/radeon-r8-m535dx
"GeForce GT 720",Desktop,661,https://pcgamebenchmarks.com/gpu/geforce-gt-720
"FireGL V7700",Workstation,660,https://pcgamebenchmarks.com/gpu/firegl-v7700
"GeForce GT 735M",Mobile,660,https://pcgamebenchmarks.com/gpu/geforce-gt-735m
"Radeon HD 2900 XT",Desktop,660,https://pcgamebenchmarks.com/gpu/radeon-hd-2900-xt
"GeForce GT 140",Desktop,658,https://pcgamebenchmarks.com/gpu/geforce-gt-140
"GeForce GT 530",Desktop,658,https://pcgamebenchmarks.com/gpu/geforce-gt-530
"GeForce 810A",Unknown,655,https://pcgamebenchmarks.com/gpu/geforce-810a
"Intel HD 4600 manual-gen9_2015-134121",Desktop,653,https://pcgamebenchmarks.com/gpu/intel-hd-4600-manual-gen9-2015-134121
"SUMO 9640",Unknown,650,https://pcgamebenchmarks.com/gpu/sumo-9640
"Radeon R5 M430",Unknown,649,https://pcgamebenchmarks.com/gpu/radeon-r5-m430
"Radeon R8 M365DX",Unknown,647,https://pcgamebenchmarks.com/gpu/radeon-r8-m365dx
"FireStream 9170",Unknown,647,https://pcgamebenchmarks.com/gpu/firestream-9170
"GeForce GT 555M",Mobile,646,https://pcgamebenchmarks.com/gpu/geforce-gt-555m
"Radeon R7 M340",Mobile,645,https://pcgamebenchmarks.com/gpu/radeon-r7-m340
"GeForce 8800 Ultra",Desktop,643,https://pcgamebenchmarks.com/gpu/geforce-8800-ultra
"Intel HD 515",Unknown,637,https://pcgamebenchmarks.com/gpu/intel-hd-515
"GeForce 9800 S",Unknown,636,https://pcgamebenchmarks.com/gpu/geforce-9800-s
"Radeon HD 7610M",Mobile,632,https://pcgamebenchmarks.com/gpu/radeon-hd-7610m
"GeForce GTS 360M",Mobile,631,https://pcgamebenchmarks.com/gpu/geforce-gts-360m
"Intel HD 4600",Desktop,631,https://pcgamebenchmarks.com/gpu/intel-hd-4600
"Intel HD P4600/P4700",Unknown,631,https://pcgamebenchmarks.com/gpu/intel-hd-p4600p4700
"Radeon HD 2900 PRO",Desktop,628,https://pcgamebenchmarks.com/gpu/radeon-hd-2900-pro
"Intel HD 510",Unknown,624,https://pcgamebenchmarks.com/gpu/intel-hd-510
"Radeon HD 7570",Desktop,621,https://pcgamebenchmarks.com/gpu/radeon-hd-7570
"GeForce GT 710",Desktop,620,https://pcgamebenchmarks.com/gpu/geforce-gt-710
"FireGL V7600",Workstation,616,https://pcgamebenchmarks.com/gpu/firegl-v7600
"Radeon R7 A360",Unknown,616,https://pcgamebenchmarks.com/gpu/radeon-r7-a360
"Radeon HD 5600/5700",Unknown,615,https://pcgamebenchmarks.com/gpu/radeon-hd-56005700
"Intel UHD 630",Desktop,615,https://pcgamebenchmarks.com/gpu/intel-uhd-630
"NVS 5400M",Workstation,615,https://pcgamebenchmarks.com/gpu/nvs-5400m
"GeForce 9800 GX2",Desktop,613,https://pcgamebenchmarks.com/gpu/geforce-9800-gx2
"Radeon R6","Desktop, Mobile",609,https://pcgamebenchmarks.com/gpu/radeon-r6
"Radeon R6 M255DX",Unknown,605,https://pcgamebenchmarks.com/gpu/radeon-r6-m255dx
"GeForce 910M",Mobile,598,https://pcgamebenchmarks.com/gpu/geforce-910m
"GeForce GT 430",Desktop,598,https://pcgamebenchmarks.com/gpu/geforce-gt-430
"Intel HD 5500",Unknown,597,https://pcgamebenchmarks.com/gpu/intel-hd-5500
"Matrox C420 LP PCIe x16",Unknown,597,https://pcgamebenchmarks.com/gpu/matrox-c420-lp-pcie-x16
"Radeon R5 M330",Mobile,596,https://pcgamebenchmarks.com/gpu/radeon-r5-m330
"Intel HD 5000",Unknown,591,https://pcgamebenchmarks.com/gpu/intel-hd-5000
"Radeon R7 M360",Mobile,589,https://pcgamebenchmarks.com/gpu/radeon-r7-m360
"Radeon R5 A6-8500P",Unknown,587,https://pcgamebenchmarks.com/gpu/radeon-r5-a6-8500p
"Radeon HD 3870 X2",Desktop,587,https://pcgamebenchmarks.com/gpu/radeon-hd-3870-x2
"GeForce GTX 285M",Mobile,584,https://pcgamebenchmarks.com/gpu/geforce-gtx-285m
"Radeon R7 A8-7A8-7600",Unknown,583,https://pcgamebenchmarks.com/gpu/radeon-r7-a8-7a8-7600
"RadeonT Ryzen 3 3250U",Desktop,582,https://pcgamebenchmarks.com/gpu/radeont-ryzen-3-3250u
"Radeon Vega 3 Ryzen Embedded R1305G",Unknown,581,https://pcgamebenchmarks.com/gpu/radeon-vega-3-ryzen-embedded-r1305g
"Moore Threads MTT S30",Desktop,580,https://pcgamebenchmarks.com/gpu/moore-threads-mtt-s30
"TRINITY DEVASTATOR MOBILE",Unknown,579,https://pcgamebenchmarks.com/gpu/trinity-devastator-mobile
"Intel Skylake HD DT GT2",Unknown,577,https://pcgamebenchmarks.com/gpu/intel-skylake-hd-dt-gt2
"GeForce 720A",Unknown,577,https://pcgamebenchmarks.com/gpu/geforce-720a
"GeForce GTX 280M",Mobile,576,https://pcgamebenchmarks.com/gpu/geforce-gtx-280m
"Radeon R5 A240",Unknown,576,https://pcgamebenchmarks.com/gpu/radeon-r5-a240
"Radeon R5 420",Unknown,575,https://pcgamebenchmarks.com/gpu/radeon-r5-420
"GeForce 9800 GTX/9800 GTX+",Unknown,571,https://pcgamebenchmarks.com/gpu/geforce-9800-gtx9800-gtx
"GeForce GT 720A",Unknown,567,https://pcgamebenchmarks.com/gpu/geforce-gt-720a
"Radeon HD 8550D",Unknown,567,https://pcgamebenchmarks.com/gpu/radeon-hd-8550d
"Radeon HD 6610M",Mobile,565,https://pcgamebenchmarks.com/gpu/radeon-hd-6610m
"GeForce GTS 250",Desktop,565,https://pcgamebenchmarks.com/gpu/geforce-gts-250
"Radeon R7E",Unknown,565,https://pcgamebenchmarks.com/gpu/radeon-r7e
"Radeon Athlon 300GE",Desktop,563,https://pcgamebenchmarks.com/gpu/radeon-athlon-300ge
"Radeon Athlon PRO 3045B",Unknown,563,https://pcgamebenchmarks.com/gpu/radeon-athlon-pro-3045b
"Radeon R5 240",Desktop,560,https://pcgamebenchmarks.com/gpu/radeon-r5-240
"Radeon R7 M265",Mobile,559,https://pcgamebenchmarks.com/gpu/radeon-r7-m265
"Radeon HD 7650A",Unknown,556,https://pcgamebenchmarks.com/gpu/radeon-hd-7650a
"GeForce 820A",Unknown,556,https://pcgamebenchmarks.com/gpu/geforce-820a
"GeForce 8800 GTX",Desktop,556,https://pcgamebenchmarks.com/gpu/geforce-8800-gtx
"Radeon HD 6570",Desktop,554,https://pcgamebenchmarks.com/gpu/radeon-hd-6570
GF117,Unknown,554,https://pcgamebenchmarks.com/gpu/gf117
"GeForce GT 550M",Mobile,553,https://pcgamebenchmarks.com/gpu/geforce-gt-550m
"Radeon HD 3870",Desktop,552,https://pcgamebenchmarks.com/gpu/radeon-hd-3870
"Radeon R7 7850A10-7850K",Unknown,551,https://pcgamebenchmarks.com/gpu/radeon-r7-7850a10-7850k
"FireGL V8650",Workstation,550,https://pcgamebenchmarks.com/gpu/firegl-v8650
"GeForce 8800 GTS 512",Desktop,550,https://pcgamebenchmarks.com/gpu/geforce-8800-gts-512
"Radeon R5 M335",Mobile,549,https://pcgamebenchmarks.com/gpu/radeon-r5-m335
"Mobility Radeon HD 3870",Mobile,548,https://pcgamebenchmarks.com/gpu/mobility-radeon-hd-3870
"Radeon R6 A10-8700P",Unknown,545,https://pcgamebenchmarks.com/gpu/radeon-r6-a10-8700p
"Radeon R5 M255",Mobile,544,https://pcgamebenchmarks.com/gpu/radeon-r5-m255
"GeForce GT 820M",Mobile,538,https://pcgamebenchmarks.com/gpu/geforce-gt-820m
"GeForce GT 435M",Mobile,536,https://pcgamebenchmarks.com/gpu/geforce-gt-435m
"GeForce GT 635M",Mobile,536,https://pcgamebenchmarks.com/gpu/geforce-gt-635m
"Radeon 6600M",Mobile,533,https://pcgamebenchmarks.com/gpu/radeon-6600m
"RADEON HD6530D",Unknown,532,https://pcgamebenchmarks.com/gpu/radeon-hd6530d
"Intel HD 4400",Unknown,530,https://pcgamebenchmarks.com/gpu/intel-hd-4400
"Radeon R7 M260",Mobile,530,https://pcgamebenchmarks.com/gpu/radeon-r7-m260
"Radeon Vega 3 3020e",Unknown,527,https://pcgamebenchmarks.com/gpu/radeon-vega-3-3020e
"Mobility Radeon HD 5570",Unknown,525,https://pcgamebenchmarks.com/gpu/mobility-radeon-hd-5570
"Radeon R5 330",Desktop,523,https://pcgamebenchmarks.com/gpu/radeon-r5-330
"Radeon HD 8670M",Mobile,520,https://pcgamebenchmarks.com/gpu/radeon-hd-8670m
"GeForce GTS 250M",Mobile,520,https://pcgamebenchmarks.com/gpu/geforce-gts-250m
"GeForce GT 630M",Mobile,519,https://pcgamebenchmarks.com/gpu/geforce-gt-630m
"Radeon HD 8670D",Unknown,519,https://pcgamebenchmarks.com/gpu/radeon-hd-8670d
"Radeon HD 8690A",Unknown,517,https://pcgamebenchmarks.com/gpu/radeon-hd-8690a
"GeForce 9800M GS",Mobile,517,https://pcgamebenchmarks.com/gpu/geforce-9800m-gs
"IncrediblE HD 4000",Unknown,517,https://pcgamebenchmarks.com/gpu/incredible-hd-4000
"Intel HD P4000",Unknown,516,https://pcgamebenchmarks.com/gpu/intel-hd-p4000
"GeForce GTS 240",Desktop,515,https://pcgamebenchmarks.com/gpu/geforce-gts-240
"Radeon Vega 3 Athlon Silver 3050e",Unknown,514,https://pcgamebenchmarks.com/gpu/radeon-vega-3-athlon-silver-3050e
"Radeon HD 7660D",Desktop,513,https://pcgamebenchmarks.com/gpu/radeon-hd-7660d
"Mobility Radeon HD 4830",Mobile,512,https://pcgamebenchmarks.com/gpu/mobility-radeon-hd-4830
"Mobility Radeon HD 5730",Mobile,507,https://pcgamebenchmarks.com/gpu/mobility-radeon-hd-5730
"Intel HD P4600",Unknown,506,https://pcgamebenchmarks.com/gpu/intel-hd-p4600
"Radeon Vega 2",Unknown,506,https://pcgamebenchmarks.com/gpu/radeon-vega-2
"Radeon RX Vega 10 Athlon 300U",Desktop,506,https://pcgamebenchmarks.com/gpu/radeon-rx-vega-10-athlon-300u
"GeForce 615",Unknown,505,https://pcgamebenchmarks.com/gpu/geforce-615
"GeForce GTS 150M",Mobile,504,https://pcgamebenchmarks.com/gpu/geforce-gts-150m
"Radeon 3020e",Unknown,504,https://pcgamebenchmarks.com/gpu/radeon-3020e
"Radeon HD 8650G",Unknown,499,https://pcgamebenchmarks.com/gpu/radeon-hd-8650g
"GeForce GT 425M",Mobile,499,https://pcgamebenchmarks.com/gpu/geforce-gt-425m
"Radeon R5 M420",Unknown,499,https://pcgamebenchmarks.com/gpu/radeon-r5-m420
"Radeon R7 M265DX",Unknown,499,https://pcgamebenchmarks.com/gpu/radeon-r7-m265dx
"SUMO 964A",Unknown,498,https://pcgamebenchmarks.com/gpu/sumo-964a
"TRINITY SCRAPPER MOBILE",Unknown,498,https://pcgamebenchmarks.com/gpu/trinity-scrapper-mobile
"Radeon R5 M315",Unknown,496,https://pcgamebenchmarks.com/gpu/radeon-r5-m315
"NVS 5200M",Workstation,496,https://pcgamebenchmarks.com/gpu/nvs-5200m
"ASUS EAH4870x2",Unknown,496,https://pcgamebenchmarks.com/gpu/asus-eah4870x2
"GeForce 9800 GTX+",Desktop,489,https://pcgamebenchmarks.com/gpu/geforce-9800-gtx-plus
"Radeon R5 M240",Unknown,488,https://pcgamebenchmarks.com/gpu/radeon-r5-m240
"Radeon Vega 2 Athlon Silver 3050U",Unknown,488,https://pcgamebenchmarks.com/gpu/radeon-vega-2-athlon-silver-3050u
"Radeon R4E",Unknown,487,https://pcgamebenchmarks.com/gpu/radeon-r4e
"GeForce GT 625M",Mobile,485,https://pcgamebenchmarks.com/gpu/geforce-gt-625m
"Radeon HD 7660G",Unknown,481,https://pcgamebenchmarks.com/gpu/radeon-hd-7660g
"Radeon HD 7670M",Mobile,480,https://pcgamebenchmarks.com/gpu/radeon-hd-7670m
"GeForce 820M",Mobile,480,https://pcgamebenchmarks.com/gpu/geforce-820m
"Mobility Radeon HD 5000 Serisi",Unknown,479,https://pcgamebenchmarks.com/gpu/mobility-radeon-hd-5000-serisi
"Mobility Radeon HD 3870 X2",Mobile,478,https://pcgamebenchmarks.com/gpu/mobility-radeon-hd-3870-x2
"Radeon HD8530M",Mobile,478,https://pcgamebenchmarks.com/gpu/radeon-hd8530m
"GeForce GT 240",Desktop,478,https://pcgamebenchmarks.com/gpu/geforce-gt-240
"GeForce 800M",Mobile,477,https://pcgamebenchmarks.com/gpu/geforce-800m
"Radeon R5 M320",Unknown,475,https://pcgamebenchmarks.com/gpu/radeon-r5-m320
"Radeon R6 A8-8600P",Unknown,475,https://pcgamebenchmarks.com/gpu/radeon-r6-a8-8600p
"Radeon HD 5570",Desktop,475,https://pcgamebenchmarks.com/gpu/radeon-hd-5570
"GeForce 9600 GT",Desktop,472,https://pcgamebenchmarks.com/gpu/geforce-9600-gt
"GeForce GT 540M",Mobile,472,https://pcgamebenchmarks.com/gpu/geforce-gt-540m
"GeForce GT 320",Desktop,470,https://pcgamebenchmarks.com/gpu/geforce-gt-320
"SUMO 9644",Unknown,466,https://pcgamebenchmarks.com/gpu/sumo-9644
"Radeon HD 7550M",Mobile,465,https://pcgamebenchmarks.com/gpu/radeon-hd-7550m
"Intel HD Family",Unknown,465,https://pcgamebenchmarks.com/gpu/intel-hd-family
"Mobility Radeon HD 4670",Mobile,463,https://pcgamebenchmarks.com/gpu/mobility-radeon-hd-4670
"GeForce 8800M GTX",Mobile,462,https://pcgamebenchmarks.com/gpu/geforce-8800m-gtx
"GeForce 705M",Mobile,456,https://pcgamebenchmarks.com/gpu/geforce-705m
"GeForce 8800 GT",Desktop,455,https://pcgamebenchmarks.com/gpu/geforce-8800-gt
"GeForce 9800M GTX",Mobile,454,https://pcgamebenchmarks.com/gpu/geforce-9800m-gtx
"Radeon HD 7560D",Desktop,451,https://pcgamebenchmarks.com/gpu/radeon-hd-7560d
"Radeon HD 8570M",Mobile,450,https://pcgamebenchmarks.com/gpu/radeon-hd-8570m
"Radeon HD 8500M",Mobile,449,https://pcgamebenchmarks.com/gpu/radeon-hd-8500m
"GeForce GT 525M",Mobile,448,https://pcgamebenchmarks.com/gpu/geforce-gt-525m
"Radeon HD 7640G",Unknown,447,https://pcgamebenchmarks.com/gpu/radeon-hd-7640g
"PHDGD Ivy 5",Unknown,445,https://pcgamebenchmarks.com/gpu/phdgd-ivy-5
"GeForce 9800 GT",Desktop,444,https://pcgamebenchmarks.com/gpu/geforce-9800-gt
"GeForce 710M",Mobile,442,https://pcgamebenchmarks.com/gpu/geforce-710m
"Mobility Radeon HD 5650",Mobile,441,https://pcgamebenchmarks.com/gpu/mobility-radeon-hd-5650
"GeForce GT 720M",Mobile,438,https://pcgamebenchmarks.com/gpu/geforce-gt-720m
"GeForce 800A",Unknown,435,https://pcgamebenchmarks.com/gpu/geforce-800a
"Radeon HD 8410G",Unknown,435,https://pcgamebenchmarks.com/gpu/radeon-hd-8410g
"GeForce GT 420",Desktop,434,https://pcgamebenchmarks.com/gpu/geforce-gt-420
"Matrox M9138 LP PCIe x16",Unknown,433,https://pcgamebenchmarks.com/gpu/matrox-m9138-lp-pcie-x16
"Radeon HD 3850 AGP",Desktop,432,https://pcgamebenchmarks.com/gpu/radeon-hd-3850-agp
"Radeon HD 7650M",Mobile,432,https://pcgamebenchmarks.com/gpu/radeon-hd-7650m
"GeForce 710A",Desktop,429,https://pcgamebenchmarks.com/gpu/geforce-710a
"GeForce GT 620M",Mobile,428,https://pcgamebenchmarks.com/gpu/geforce-gt-620m
"GeForce GT 710M",Mobile,427,https://pcgamebenchmarks.com/gpu/geforce-gt-710m
"Radeon R5 M230",Mobile,427,https://pcgamebenchmarks.com/gpu/radeon-r5-m230
"RADEON HD6410D",Unknown,423,https://pcgamebenchmarks.com/gpu/radeon-hd6410d
"GeForce GT625M",Mobile,422,https://pcgamebenchmarks.com/gpu/geforce-gt625m
"GeForce 810M",Mobile,420,https://pcgamebenchmarks.com/gpu/geforce-810m
"Intel 4th Generation Haswell HD",Unknown,420,https://pcgamebenchmarks.com/gpu/intel-4th-generation-haswell-hd
"Radeon HD 7570M",Mobile,418,https://pcgamebenchmarks.com/gpu/radeon-hd-7570m
"Radeon HD 8550G",Unknown,417,https://pcgamebenchmarks.com/gpu/radeon-hd-8550g
"Radeon HD 8570D",Unknown,409,https://pcgamebenchmarks.com/gpu/radeon-hd-8570d
"Radeon HD 7470M",Mobile,408,https://pcgamebenchmarks.com/gpu/radeon-hd-7470m
"Intel HD 5300",Unknown,406,https://pcgamebenchmarks.com/gpu/intel-hd-5300
"RADEON E4690",Unknown,405,https://pcgamebenchmarks.com/gpu/radeon-e4690
"GeForce 8800 GTS",Desktop,403,https://pcgamebenchmarks.com/gpu/geforce-8800-gts
"Radeon HD 3850",Desktop,401,https://pcgamebenchmarks.com/gpu/radeon-hd-3850
"Mobility Radeon HD 4650",Mobile,401,https://pcgamebenchmarks.com/gpu/mobility-radeon-hd-4650
"Radeon HD 6550D",Desktop,400,https://pcgamebenchmarks.com/gpu/radeon-hd-6550d
"Radeon HD 8610G",Unknown,399,https://pcgamebenchmarks.com/gpu/radeon-hd-8610g
"Radeon HD 8650D",Unknown,396,https://pcgamebenchmarks.com/gpu/radeon-hd-8650d
"GeForce GT 620",Desktop,393,https://pcgamebenchmarks.com/gpu/geforce-gt-620
"GeForce GT 330",Unknown,392,https://pcgamebenchmarks.com/gpu/geforce-gt-330
"GeForce GT 420M",Mobile,392,https://pcgamebenchmarks.com/gpu/geforce-gt-420m
"IncrediblE HD",Unknown,389,https://pcgamebenchmarks.com/gpu/incredible-hd
"GeForce 7900 GTX",Desktop,388,https://pcgamebenchmarks.com/gpu/geforce-7900-gtx
"Radeon HD 5550",Desktop,384,https://pcgamebenchmarks.com/gpu/radeon-hd-5550
"GeForce 8800M GTS",Mobile,382,https://pcgamebenchmarks.com/gpu/geforce-8800m-gts
"GeForce GTX 260M",Mobile,382,https://pcgamebenchmarks.com/gpu/geforce-gtx-260m
"GeForce 9800M GT",Mobile,381,https://pcgamebenchmarks.com/gpu/geforce-9800m-gt
"GeForce GT 130",Desktop,381,https://pcgamebenchmarks.com/gpu/geforce-gt-130
"GeForce GTS 350M",Mobile,381,https://pcgamebenchmarks.com/gpu/geforce-gts-350m
"Radeon HD 4670",Desktop,381,https://pcgamebenchmarks.com/gpu/radeon-hd-4670
"GeForce GT 625",Desktop,379,https://pcgamebenchmarks.com/gpu/geforce-gt-625
"Radeon HD 6490M",Mobile,378,https://pcgamebenchmarks.com/gpu/radeon-hd-6490m
"Radeon HD 8470D",Unknown,375,https://pcgamebenchmarks.com/gpu/radeon-hd-8470d
"PHDGD Ivy 4",Unknown,374,https://pcgamebenchmarks.com/gpu/phdgd-ivy-4
"Radeon HD 8510G",Unknown,373,https://pcgamebenchmarks.com/gpu/radeon-hd-8510g
"GeForce GT 610M / GT 620M / GT 710M / GT 720M / GT",Mobile,369,https://pcgamebenchmarks.com/gpu/geforce-gt-610m-gt-620m-gt-710m-gt-720m-gt
"GeForce GT 705",Desktop,369,https://pcgamebenchmarks.com/gpu/geforce-gt-705
"Matrox Millennium P690 PCIe x16",Unknown,367,https://pcgamebenchmarks.com/gpu/matrox-millennium-p690-pcie-x16
"Mobility Radeon HD 3850",Mobile,366,https://pcgamebenchmarks.com/gpu/mobility-radeon-hd-3850
"Radeon HD4670",Unknown,366,https://pcgamebenchmarks.com/gpu/radeon-hd4670
"GeForce GT 335M",Mobile,366,https://pcgamebenchmarks.com/gpu/geforce-gt-335m
"Radeon Vega 3 Athlon Gold 3150C",Desktop,366,https://pcgamebenchmarks.com/gpu/radeon-vega-3-athlon-gold-3150c
"Intel UHD Graphics 605",Unknown,365,https://pcgamebenchmarks.com/gpu/intel-uhd-graphics-605
"Intel HD 505",Unknown,361,https://pcgamebenchmarks.com/gpu/intel-hd-505
"Radeon HD 7620G",Unknown,357,https://pcgamebenchmarks.com/gpu/radeon-hd-7620g
"GeForce 9800M GTS",Mobile,357,https://pcgamebenchmarks.com/gpu/geforce-9800m-gts
"Radeon 3015e",Unknown,354,https://pcgamebenchmarks.com/gpu/radeon-3015e
"Radeon HD 6480M",Mobile,353,https://pcgamebenchmarks.com/gpu/radeon-hd-6480m
"Mobility Radeon HD 565v",Mobile,353,https://pcgamebenchmarks.com/gpu/mobility-radeon-hd-565v
"Radeon HD 7580D",Unknown,351,https://pcgamebenchmarks.com/gpu/radeon-hd-7580d
"Radeon R4",Unknown,347,https://pcgamebenchmarks.com/gpu/radeon-r4
"ZX C-1190",Desktop,347,https://pcgamebenchmarks.com/gpu/zx-c-1190
"GeForce 7950 GT",Desktop,345,https://pcgamebenchmarks.com/gpu/geforce-7950-gt
"Intel HD 4000",Unknown,343,https://pcgamebenchmarks.com/gpu/intel-hd-4000
"FireGL V5600",Workstation,341,https://pcgamebenchmarks.com/gpu/firegl-v5600
"Radeon HD 6620G",Mobile,341,https://pcgamebenchmarks.com/gpu/radeon-hd-6620g
"Radeon HD 8310E",Unknown,341,https://pcgamebenchmarks.com/gpu/radeon-hd-8310e
"Radeon HD 6530D",Desktop,337,https://pcgamebenchmarks.com/gpu/radeon-hd-6530d
"Radeon R5 235",Desktop,336,https://pcgamebenchmarks.com/gpu/radeon-r5-235
"NVS 315",Workstation,336,https://pcgamebenchmarks.com/gpu/nvs-315
"Radeon HD 7600G",Unknown,335,https://pcgamebenchmarks.com/gpu/radeon-hd-7600g
"Radeon HD 8450G",Unknown,335,https://pcgamebenchmarks.com/gpu/radeon-hd-8450g
"GeForce GT 610",Desktop,335,https://pcgamebenchmarks.com/gpu/geforce-gt-610
"Radeon R5 310",Unknown,332,https://pcgamebenchmarks.com/gpu/radeon-r5-310
"GeForce 605",Unknown,331,https://pcgamebenchmarks.com/gpu/geforce-605
"Radeon HD 7540D",Desktop,331,https://pcgamebenchmarks.com/gpu/radeon-hd-7540d
"Radeon HD 7450M",Mobile,330,https://pcgamebenchmarks.com/gpu/radeon-hd-7450m
"GeForce 8800 GS",Desktop,330,https://pcgamebenchmarks.com/gpu/geforce-8800-gs
"GeForce 9600 GSO 512",Desktop,330,https://pcgamebenchmarks.com/gpu/geforce-9600-gso-512
"GeForce 9700M GT",Mobile,327,https://pcgamebenchmarks.com/gpu/geforce-9700m-gt
"GeForce GT 120 / 9500 GT",Unknown,325,https://pcgamebenchmarks.com/gpu/geforce-gt-120-9500-gt
"GeForce GT 520",Desktop,325,https://pcgamebenchmarks.com/gpu/geforce-gt-520
"Radeon E6460",Unknown,324,https://pcgamebenchmarks.com/gpu/radeon-e6460
"GeForce 9600 GSO",Desktop,323,https://pcgamebenchmarks.com/gpu/geforce-9600-gso
"GeForce GT 230",Unknown,323,https://pcgamebenchmarks.com/gpu/geforce-gt-230
"GeForce 240M GT",Mobile,320,https://pcgamebenchmarks.com/gpu/geforce-240m-gt
"RADEON HD6370D",Unknown,320,https://pcgamebenchmarks.com/gpu/radeon-hd6370d
"Mobility Radeon HD 560v",Mobile,318,https://pcgamebenchmarks.com/gpu/mobility-radeon-hd-560v
"Radeon HD 7420G",Unknown,316,https://pcgamebenchmarks.com/gpu/radeon-hd-7420g
"Radeon HD 7500G",Unknown,316,https://pcgamebenchmarks.com/gpu/radeon-hd-7500g
"Radeon HD 7520G",Unknown,316,https://pcgamebenchmarks.com/gpu/radeon-hd-7520g
"Radeon R3",Unknown,315,https://pcgamebenchmarks.com/gpu/radeon-r3
"Radeon R5E",Unknown,315,https://pcgamebenchmarks.com/gpu/radeon-r5e
"Radeon HD 8370D",Unknown,314,https://pcgamebenchmarks.com/gpu/radeon-hd-8370d
"GeForce 9700M GTS",Mobile,312,https://pcgamebenchmarks.com/gpu/geforce-9700m-gts
"Intel UHD Graphics 600",Unknown,311,https://pcgamebenchmarks.com/gpu/intel-uhd-graphics-600
"NVS 4200M",Workstation,311,https://pcgamebenchmarks.com/gpu/nvs-4200m
"Intel 3rd Generation IvyBridge HD 4000",Unknown,303,https://pcgamebenchmarks.com/gpu/intel-3rd-generation-ivybridge-hd-4000
"Intel HD 500",Unknown,302,https://pcgamebenchmarks.com/gpu/intel-hd-500
"Radeon R1E",Unknown,301,https://pcgamebenchmarks.com/gpu/radeon-r1e
"Radeon HD 6520G",Mobile,300,https://pcgamebenchmarks.com/gpu/radeon-hd-6520g
